1616659547.2334673.0.jpg,0
1616659547.8234382.2.jpg,2
1616659548.2527695.0.jpg,0
1616659548.66395.0.jpg,0
1616659549.0692742.2.jpg,2
1616659549.4700773.0.jpg,0
1616659549.961401.3.jpg,3
1616659550.3220146.0.jpg,0
1616659550.7481022.0.jpg,0
1616659550.9999645.3.jpg,3
1616659551.371061.3.jpg,3
1616659551.8080206.3.jpg,3
1616659552.2079804.0.jpg,0
1616659553.3210065.0.jpg,0
1616659553.4409478.0.jpg,0
1616659553.8279512.3.jpg,3
1616659554.2685518.3.jpg,3
1616659554.7541087.3.jpg,3
1616659555.190137.0.jpg,0
1616659555.561953.0.jpg,0
1616659556.0978556.2.jpg,2
1616659556.449033.0.jpg,0
1616659556.8478475.2.jpg,2
1616659557.2422771.2.jpg,2
1616659557.8321085.2.jpg,2
1616659558.0622256.2.jpg,2
1616659558.628094.2.jpg,2
1616659559.0191123.0.jpg,0
1616659559.425978.2.jpg,2
1616659559.851339.2.jpg,2
1616659560.3518085.2.jpg,2
1616659560.871007.0.jpg,0
1616659561.1779845.3.jpg,3
1616659561.645038.0.jpg,0
1616659562.0825393.0.jpg,0
1616659562.870918.2.jpg,2
1616659564.7419055.2.jpg,2
1616659565.3621588.2.jpg,2
1616659569.1728914.0.jpg,0
1616659569.5841854.2.jpg,2
1616659570.045643.0.jpg,0
1616659570.555431.0.jpg,0
1616659570.7929718.2.jpg,2
1616659571.560791.3.jpg,3
1616659571.8968897.0.jpg,0
1616659572.2690115.0.jpg,0
1616659572.5171266.2.jpg,2
1616659572.918013.0.jpg,0
1616659573.404098.0.jpg,0
1616659574.05806.2.jpg,2
1616659574.3928971.0.jpg,0
1616659574.76715.3.jpg,3
1616659575.3906674.3.jpg,3
1616659575.840349.2.jpg,2
1616659576.1671236.0.jpg,0
1616659576.4360425.3.jpg,3
1616659576.9370952.3.jpg,3
1616659577.056532.3.jpg,3
1616659577.1779904.3.jpg,3
1616659577.4320834.0.jpg,0
1616659577.8490129.2.jpg,2
1616659578.33089.2.jpg,2
1616659578.8239298.0.jpg,0
1616659579.193873.2.jpg,2
1616659579.7588868.2.jpg,2
1616659580.1580222.0.jpg,0
1616659580.6908588.0.jpg,0
1616659581.0709803.2.jpg,2
1616659581.478004.2.jpg,2
1616659582.0378857.2.jpg,2
1616659582.6080568.2.jpg,2
1616659583.1661892.0.jpg,0
1616659583.5657554.0.jpg,0
1616659583.9618669.2.jpg,2
1616659584.3738542.2.jpg,2
1616659584.8009713.0.jpg,0
1616659585.2340522.2.jpg,2
1616659585.6331131.2.jpg,2
1616659586.1758325.0.jpg,0
1616659586.532251.0.jpg,0
1616659587.1519504.2.jpg,2
1616659587.4909043.0.jpg,0
1616659587.9170957.0.jpg,0
1616659588.7130742.0.jpg,0
1616659589.0860026.2.jpg,2
1616659589.5753772.2.jpg,2
1616659589.9681566.0.jpg,0
1616659590.3151057.3.jpg,3
1616659590.9638736.0.jpg,0
1616659591.2410204.3.jpg,3
1616659592.2460039.0.jpg,0
1616659592.59197.0.jpg,0
1616659592.9257662.3.jpg,3
1616659593.3660395.3.jpg,3
1616659593.7330868.0.jpg,0
1616659594.02681.0.jpg,0
1616659594.310242.3.jpg,3
1616659594.8209417.3.jpg,3
1616659595.0510883.3.jpg,3
1616659595.4358733.0.jpg,0
1616659595.8832335.0.jpg,0
1616659596.1840928.2.jpg,2
1616659596.4528375.2.jpg,2
1616659596.6690655.2.jpg,2
1616659597.1690342.2.jpg,2
1616659597.2889159.2.jpg,2
1616659597.678889.0.jpg,0
1616659598.0875788.0.jpg,0
1616659598.356946.2.jpg,2
1616659598.6633494.2.jpg,2
1616659599.163707.2.jpg,2
1616659599.2843664.2.jpg,2
1616659599.4050875.2.jpg,2
1616659599.526255.2.jpg,2
1616659599.6477506.2.jpg,2
1616659599.770633.2.jpg,2
1616659600.3178694.0.jpg,0
1616659600.5709403.3.jpg,3
1616659601.2541263.3.jpg,3
1616659601.630916.0.jpg,0
1616659602.4675071.0.jpg,0
1616659603.0520887.2.jpg,2
1616659603.6531336.0.jpg,0
1616659603.9680035.2.jpg,2
1616659604.2929547.2.jpg,2
1616659604.7940052.2.jpg,2
1616659604.9140294.2.jpg,2
1616659605.0344696.2.jpg,2
1616659607.7561026.0.jpg,0
1616659608.1930277.0.jpg,0
1616659608.6720357.3.jpg,3
1616659609.1479015.0.jpg,0
1616659609.6492593.0.jpg,0
1616659609.7721665.0.jpg,0
1616659610.2319312.0.jpg,0
1616659610.7324336.0.jpg,0
1616659610.8550875.0.jpg,0
1616659610.975557.0.jpg,0
1616659611.0969307.0.jpg,0
1616659611.6991043.0.jpg,0
1616659612.2398374.3.jpg,3
1616659612.5739315.0.jpg,0
1616659612.9641933.0.jpg,0
1616659613.3099203.0.jpg,0
1616659613.5289645.0.jpg,0
1616659614.077073.0.jpg,0
1616659614.5849333.2.jpg,2
1616659614.892026.0.jpg,0
1616659615.1112.2.jpg,2
1616659615.5229762.2.jpg,2
1616659616.023018.2.jpg,2
1616659616.144187.2.jpg,2
1616659616.2644448.2.jpg,2
1616659616.4800148.0.jpg,0
1616659616.9595602.2.jpg,2
1616659617.4303539.0.jpg,0
1616659617.645988.2.jpg,2
1616659618.0140488.2.jpg,2
1616659618.5170488.0.jpg,0
1616659618.8388543.0.jpg,0
1616659619.0080943.2.jpg,2
1616659619.5080392.2.jpg,2
1616659619.6304367.2.jpg,2
1616659620.183161.0.jpg,0
1616659620.7588372.0.jpg,0
1616659621.0050719.2.jpg,2
1616659621.532995.0.jpg,0
1616659622.121874.0.jpg,0
1616659622.5571764.2.jpg,2
1616659622.884977.0.jpg,0
1616659623.3599503.0.jpg,0
1616659623.6709516.0.jpg,0
1616659624.1631165.3.jpg,3
1616659624.5888608.0.jpg,0
1616659625.0850837.3.jpg,3
1616659625.5699959.0.jpg,0
1616659626.0200455.0.jpg,0
1616659626.4123302.3.jpg,3
1616659626.8710308.3.jpg,3
1616659627.4859436.3.jpg,3
1616659627.7322218.0.jpg,0
1616659628.1598823.0.jpg,0
1616659628.7879426.0.jpg,0
1616659629.7284963.2.jpg,2
1616659630.1729474.0.jpg,0
1616659630.6109953.2.jpg,2
1616659631.249976.0.jpg,0
1616659631.4501798.2.jpg,2
1616659631.8778026.2.jpg,2
1616659632.378232.2.jpg,2
1616659632.499434.2.jpg,2
1616659632.6213403.2.jpg,2
1616659632.7414525.2.jpg,2
1616659632.8628998.2.jpg,2
1616659632.9841704.2.jpg,2
1616659633.1061482.2.jpg,2
1616659633.6299837.0.jpg,0
1616659633.9719095.3.jpg,3
1616659634.4859118.3.jpg,3
1616659634.9840088.0.jpg,0
1616659635.319909.0.jpg,0
1616659635.827971.2.jpg,2
1616659636.2610953.2.jpg,2
1616659636.7611663.2.jpg,2
1616659636.8841538.2.jpg,2
1616659638.740005.0.jpg,0
1616659639.3339567.0.jpg,0
1616659639.8337712.0.jpg,0
1616659639.9543061.0.jpg,0
1616659640.4349244.0.jpg,0
1616659640.9351377.0.jpg,0
1616659641.0569966.0.jpg,0
1616659641.176877.0.jpg,0
1616659641.29837.0.jpg,0
1616659641.4193304.0.jpg,0
1616659641.5408783.0.jpg,0
1616659641.9040189.2.jpg,2
1616659642.2620833.0.jpg,0
1616659642.64192.3.jpg,3
1616659642.8469334.3.jpg,3
1616659643.0527618.3.jpg,3
1616659643.4762406.0.jpg,0
1616659643.9766264.0.jpg,0
1616659644.0982678.0.jpg,0
1616659644.221381.0.jpg,0
1616659644.7199452.2.jpg,2
1616659645.0029297.0.jpg,0
1616659645.4120202.2.jpg,2
1616659645.8859458.0.jpg,0
1616659646.096798.2.jpg,2
1616659646.5962298.2.jpg,2
1616659646.7170997.2.jpg,2
1616659646.8373783.2.jpg,2
1616659646.9585729.2.jpg,2
1616659647.1558576.0.jpg,0
1616659647.6631737.2.jpg,2
1616659648.0211139.0.jpg,0
1616659648.4570224.2.jpg,2
1616659648.8361454.0.jpg,0
1616659649.6192243.0.jpg,0
1616659650.0978477.2.jpg,2
1616659650.4871757.2.jpg,2
1616659650.9813833.0.jpg,0
1616659651.455136.0.jpg,0
1616659651.672112.2.jpg,2
1616659652.3070612.0.jpg,0
1616659652.5981274.2.jpg,2
1616659653.0830677.0.jpg,0
1616659653.367987.2.jpg,2
1616659653.8699424.2.jpg,2
1616659654.167871.0.jpg,0
1616659654.6689544.0.jpg,0
1616659654.7915418.0.jpg,0
1616659655.01889.3.jpg,3
1616659655.3728633.3.jpg,3
1616659656.0342238.3.jpg,3
1616659719.4029844.0.jpg,0
1616659719.8710032.0.jpg,0
1616659720.2288792.0.jpg,0
1616659720.7292607.3.jpg,3
1616659720.9730117.0.jpg,0
1616659721.4769833.0.jpg,0
1616659721.7399895.3.jpg,3
1616659722.0589936.0.jpg,0
1616659722.4049425.3.jpg,3
1616659722.943848.3.jpg,3
1616659723.2882247.0.jpg,0
1616659723.6712759.0.jpg,0
1616659723.818993.3.jpg,3
1616659724.3190885.3.jpg,3
1616659724.4404545.3.jpg,3
1616659724.564305.3.jpg,3
1616659724.6854022.3.jpg,3
1616659724.8648624.0.jpg,0
1616659725.3052309.2.jpg,2
1616659725.6772492.3.jpg,3
1616659726.0668986.0.jpg,0
1616659726.4140806.3.jpg,3
1616659726.9140086.3.jpg,3
1616659727.0333767.3.jpg,3
1616659727.154593.3.jpg,3
1616659727.276662.3.jpg,3
1616659728.2751486.0.jpg,0
1616659728.8229485.0.jpg,0
1616659729.228984.3.jpg,3
1616659729.8660629.0.jpg,0
1616659730.3138707.3.jpg,3
1616659730.8240283.3.jpg,3
1616659731.4097214.2.jpg,2
1616659731.753846.0.jpg,0
1616659732.048507.3.jpg,3
1616659732.6962893.0.jpg,0
1616659732.9778593.2.jpg,2
1616659733.3815157.0.jpg,0
1616659733.882001.0.jpg,0
1616659734.0024064.0.jpg,0
1616659734.124681.0.jpg,0
1616659734.246378.0.jpg,0
1616659734.3680518.0.jpg,0
1616659735.4660063.0.jpg,0
1616659735.6559336.3.jpg,3
1616659736.001037.0.jpg,0
1616659736.5019047.0.jpg,0
1616659736.62176.0.jpg,0
1616659737.3849554.0.jpg,0
1616659737.7969737.3.jpg,3
1616659738.2970464.3.jpg,3
1616659738.4169528.3.jpg,3
1616659738.537377.3.jpg,3
1616659738.7650027.0.jpg,0
1616659739.2348924.3.jpg,3
1616659739.6944294.0.jpg,0
1616659740.1941862.0.jpg,0
1616659740.76447.0.jpg,0
1616659741.0037386.3.jpg,3
1616659741.5045307.3.jpg,3
1616659741.6271074.3.jpg,3
1616659741.7487712.3.jpg,3
1616659741.8690147.3.jpg,3
1616659741.988241.3.jpg,3
1616659742.0892057.3.jpg,3
1616659742.3718588.0.jpg,0
1616659742.842569.3.jpg,3
1616659743.2090518.0.jpg,0
1616659743.5059695.3.jpg,3
1616659744.006894.3.jpg,3
1616659744.5049684.0.jpg,0
1616659745.005234.0.jpg,0
1616659745.153064.2.jpg,2
1616659745.803041.2.jpg,2
1616659746.1979997.0.jpg,0
1616659746.6986132.0.jpg,0
1616659746.8190846.0.jpg,0
1616659746.984235.2.jpg,2
1616659747.35801.2.jpg,2
1616659747.9761317.2.jpg,2
1616659748.3428736.0.jpg,0
1616659750.0980022.0.jpg,0
1616659750.5480876.0.jpg,0
1616659750.9690158.0.jpg,0
1616659751.481139.3.jpg,3
1616659751.8340843.0.jpg,0
1616659752.1653197.0.jpg,0
1616659752.666019.0.jpg,0
1616659752.785477.0.jpg,0
1616659752.898503.3.jpg,3
1616659753.3986785.3.jpg,3
1616659753.519293.3.jpg,3
1616659753.6404173.3.jpg,3
1616659753.8778865.0.jpg,0
1616659754.3780677.0.jpg,0
1616659754.5019014.0.jpg,0
1616659755.085617.3.jpg,3
1616659755.2121534.0.jpg,0
1616659755.4019847.3.jpg,3
1616659755.6549203.3.jpg,3
1616659756.1558287.3.jpg,3
1616659756.2763324.3.jpg,3
1616659756.3982322.3.jpg,3
1616659757.1938753.3.jpg,3
1616659757.9211817.0.jpg,0
1616659758.3519785.0.jpg,0
1616659758.6011539.3.jpg,3
1616659759.101793.3.jpg,3
1616659759.2223637.3.jpg,3
1616659759.3433826.3.jpg,3
1616659759.656046.0.jpg,0
1616659760.4731236.0.jpg,0
1616659761.0240645.2.jpg,2
1616659761.4898179.0.jpg,0
1616659761.989855.0.jpg,0
1616659762.1137397.0.jpg,0
1616659762.235719.0.jpg,0
1616659762.3571942.0.jpg,0
1616659762.4775965.0.jpg,0
1616659762.598381.0.jpg,0
1616659762.7229857.0.jpg,0
1616659762.8454628.0.jpg,0
1616659762.9660177.0.jpg,0
1616659763.0859654.0.jpg,0
1616659763.2076197.0.jpg,0
1616659763.3305113.0.jpg,0
1616659763.45154.0.jpg,0
1616659764.1639833.0.jpg,0
1616659764.6640842.0.jpg,0
1616659764.7835495.0.jpg,0
1616659764.907192.0.jpg,0
1616659786.5897448.0.jpg,0
1616659786.9682548.3.jpg,3
1616659787.340383.3.jpg,3
1616659787.8405235.3.jpg,3
1616659787.9623196.3.jpg,3
1616659788.0858777.3.jpg,3
1616659788.936927.0.jpg,0
1616659789.467992.0.jpg,0
1616659790.0190418.0.jpg,0
1616659790.5140707.0.jpg,0
1616659790.797865.3.jpg,3
1616659791.277171.3.jpg,3
1616659791.7768846.3.jpg,3
1616659791.8981278.3.jpg,3
1616659792.0189192.3.jpg,3
1616659792.140501.3.jpg,3
1616659793.6520116.3.jpg,3
1616659793.9110165.0.jpg,0
1616659794.6708388.3.jpg,3
1616659795.8042576.0.jpg,0
1616659796.1621656.3.jpg,3
1616659796.7419245.0.jpg,0
1616659797.6259558.0.jpg,0
1616659820.5482528.0.jpg,0
1616659821.81113.2.jpg,2
1616659822.795867.2.jpg,2
1616659823.3058538.0.jpg,0
1616659823.9269176.0.jpg,0
1616659824.5135982.2.jpg,2
1616659825.0358891.2.jpg,2
1616659825.4501903.0.jpg,0
1616659826.0752.0.jpg,0
1616659827.0830505.0.jpg,0
1616659827.601959.0.jpg,0
1616659828.1479676.3.jpg,3
1616659828.5930088.3.jpg,3
1616659829.0523903.0.jpg,0
1616659829.5393271.0.jpg,0
1616659830.0500298.0.jpg,0
1616659830.6930723.0.jpg,0
1616659831.2450683.0.jpg,0
1616659831.6069286.3.jpg,3
1616659832.0821092.3.jpg,3
1616659832.4951446.3.jpg,3
1616659833.1680317.0.jpg,0
1616659833.6529284.3.jpg,3
1616659834.1899078.3.jpg,3
1616659834.7569387.0.jpg,0
1616659835.5550368.3.jpg,3
1616659836.3959842.3.jpg,3
1616659836.6831684.0.jpg,0
1616659837.570159.3.jpg,3
1616659838.349459.3.jpg,3
1616659839.3881514.0.jpg,0
1616659839.7120693.3.jpg,3
1616659841.4149647.3.jpg,3
1616659841.8098266.0.jpg,0
1616659842.4560626.0.jpg,0
1616659842.8718815.3.jpg,3
1616659843.5098004.0.jpg,0
1616659844.6129262.0.jpg,0
1616659845.0991213.2.jpg,2
1616659845.7151701.0.jpg,0
1616659846.209191.0.jpg,0
1616659846.8324053.0.jpg,0
1616659847.2481806.0.jpg,0
1616659847.7480955.0.jpg,0
1616659847.8700347.0.jpg,0
1616659849.4598086.0.jpg,0
1616659849.869117.0.jpg,0
1616659850.3599954.0.jpg,0
1616659850.8432608.3.jpg,3
1616659851.3430414.3.jpg,3
1616659851.464881.3.jpg,3
1616659851.8959677.0.jpg,0
1616659852.4951603.3.jpg,3
1616659853.05017.0.jpg,0
1616659853.690011.3.jpg,3
1616659854.0978334.0.jpg,0
1616659854.6589344.3.jpg,3
1616659855.2643874.0.jpg,0
1616659855.507895.3.jpg,3
1616659856.2725701.3.jpg,3
1616659856.5251992.3.jpg,3
1616659857.3760345.3.jpg,3
1616659858.0985622.3.jpg,3
1616659858.5229785.0.jpg,0
1616659858.9938262.3.jpg,3
1616659859.5850694.0.jpg,0
1616659860.2549329.3.jpg,3
1616659860.6740057.3.jpg,3
1616659861.689078.0.jpg,0
1616659862.203905.2.jpg,2
1616659862.657946.2.jpg,2
1616659863.156017.0.jpg,0
1616659864.056927.0.jpg,0
1616659864.8069499.2.jpg,2
1616659865.5170414.0.jpg,0
1616659866.1959083.2.jpg,2
1616659866.568024.0.jpg,0
1616659867.1449487.0.jpg,0
1616659867.7543905.0.jpg,0
1616659868.2908695.2.jpg,2
1616659868.7409945.0.jpg,0
1616659869.2529619.3.jpg,3
1616659870.073076.0.jpg,0
1616659870.5709453.3.jpg,3
1616659871.1680424.0.jpg,0
1616659871.5795803.3.jpg,3
1616659871.9758606.0.jpg,0
1616659872.628263.3.jpg,3
1616659873.05801.0.jpg,0
1616659873.7840724.3.jpg,3
1616659874.4290142.0.jpg,0
1616659874.888925.3.jpg,3
1616659877.1520376.3.jpg,3
1616659877.6449025.0.jpg,0
1616659878.3174105.3.jpg,3
1616659878.8191977.0.jpg,0
1616659879.3221266.3.jpg,3
1616659879.8147688.3.jpg,3
1616659880.2329073.3.jpg,3
1616659881.1343644.3.jpg,3
1616659881.8558102.0.jpg,0
1616659882.9630277.3.jpg,3
1616659883.4771943.0.jpg,0
1616659884.0181882.3.jpg,3
1616659884.6911469.0.jpg,0
1616659887.0460193.0.jpg,0
1616659887.4639409.3.jpg,3
1616659887.940894.0.jpg,0
1616659888.3510835.0.jpg,0
1616659888.6704025.2.jpg,2
1616659889.069092.0.jpg,0
1616659889.4210052.0.jpg,0
1616659889.7852275.0.jpg,0
1616659890.3158681.0.jpg,0
1616659891.0542002.0.jpg,0
1616659891.7710593.0.jpg,0
1616659892.2709837.0.jpg,0
1616659892.3920596.0.jpg,0
1616659893.126091.0.jpg,0
1616659893.6269233.0.jpg,0
1616726471.2001286.0.jpg,0
1616726471.7602131.0.jpg,0
1616726472.626195.0.jpg,0
1616726473.4903798.0.jpg,0
1616726474.1493194.3.jpg,3
1616726474.6092675.0.jpg,0
1616726475.155187.0.jpg,0
1616726476.4752145.0.jpg,0
1616726477.2814922.2.jpg,2
1616726477.8072505.0.jpg,0
1616726478.3792174.0.jpg,0
1616726478.8963237.0.jpg,0
1616726479.3054512.2.jpg,2
1616726479.8032105.0.jpg,0
1616726480.0761817.2.jpg,2
1616726480.3829505.2.jpg,2
1616726480.6681745.2.jpg,2
1616726480.97858.2.jpg,2
1616726481.3202972.2.jpg,2
1616726481.8352623.2.jpg,2
1616726482.2141597.2.jpg,2
1616726482.7862659.2.jpg,2
1616726483.448478.0.jpg,0
1616726483.9344003.0.jpg,0
1616726484.4184363.0.jpg,0
1616726484.5775268.2.jpg,2
1616726484.9082215.2.jpg,2
1616726485.32422.2.jpg,2
1616726485.749206.2.jpg,2
1616726486.6103432.0.jpg,0
1616726487.0311859.2.jpg,2
1616726487.3461769.0.jpg,0
1616726487.5653589.0.jpg,0
1616726487.8231962.0.jpg,0
1616726488.1064453.2.jpg,2
1616726488.4793255.2.jpg,2
1616726488.8763852.2.jpg,2
1616726489.292331.0.jpg,0
1616726489.8714094.0.jpg,0
1616726490.4748278.0.jpg,0
1616726491.050473.0.jpg,0
1616726491.586421.3.jpg,3
1616726491.947568.0.jpg,0
1616726492.4064326.0.jpg,0
1616726492.718585.3.jpg,3
1616726493.2094414.3.jpg,3
1616726493.6852825.0.jpg,0
1616726494.0082843.3.jpg,3
1616726494.3418744.3.jpg,3
1616726494.8012135.3.jpg,3
1616726495.2094412.0.jpg,0
1616726495.6596117.0.jpg,0
1616726495.948289.2.jpg,2
1616726496.4552882.2.jpg,2
1616726496.9193048.2.jpg,2
1616726497.2442293.0.jpg,0
1616726497.835302.0.jpg,0
1616726498.617308.0.jpg,0
1616726498.8213153.2.jpg,2
1616726499.1848717.2.jpg,2
1616726499.685807.2.jpg,2
1616726499.805576.2.jpg,2
1616726499.9278052.2.jpg,2
1616726500.0482342.2.jpg,2
1616726500.1684394.2.jpg,2
1616726500.2894855.2.jpg,2
1616726500.4093099.2.jpg,2
1616726500.5302625.2.jpg,2
1616726502.4712906.0.jpg,0
1616726502.7453942.3.jpg,3
1616726503.1634634.3.jpg,3
1616726503.5866551.3.jpg,3
1616726503.9134307.0.jpg,0
1616726504.272436.0.jpg,0
1616726504.6165872.2.jpg,2
1616726505.1160746.2.jpg,2
1616726505.2361007.2.jpg,2
1616726505.3573468.2.jpg,2
1616726506.3115015.2.jpg,2
1616726507.0019453.2.jpg,2
1616726507.3933456.0.jpg,0
1616726507.8931665.0.jpg,0
1616726508.0141075.0.jpg,0
1616726508.4495735.3.jpg,3
1616726509.202522.0.jpg,0
1616726509.7134318.0.jpg,0
1616726510.1113858.0.jpg,0
1616726510.4694455.0.jpg,0
1616726510.9693654.0.jpg,0
1616726511.090473.0.jpg,0
1616726511.5304775.2.jpg,2
1616726512.3737023.2.jpg,2
1616726513.094773.0.jpg,0
1616726513.595307.3.jpg,3
1616726514.0544932.3.jpg,3
1616726514.5444977.0.jpg,0
1616726515.0952804.3.jpg,3
1616726515.5765085.0.jpg,0
1616726516.4124587.2.jpg,2
1616726516.8123336.0.jpg,0
1616726517.3845937.0.jpg,0
1616726517.7914226.0.jpg,0
1616726518.0774236.2.jpg,2
1616726518.4695194.2.jpg,2
1616726518.931417.2.jpg,2
1616726519.6107988.0.jpg,0
1616726520.109565.2.jpg,2
1616726520.8784664.2.jpg,2
1616726521.31676.0.jpg,0
1616726521.8383453.0.jpg,0
1616726522.1134448.2.jpg,2
1616726522.503922.2.jpg,2
1616726523.1002188.0.jpg,0
1616726523.473494.2.jpg,2
1616726523.9245052.2.jpg,2
1616726524.3567204.2.jpg,2
1616726525.2454948.2.jpg,2
1616726525.9434583.0.jpg,0
1616726526.5256608.0.jpg,0
1616726526.9605074.2.jpg,2
1616726527.311609.2.jpg,2
1616726527.9258118.0.jpg,0
1616726528.470408.0.jpg,0
1616726528.8004346.2.jpg,2
1616726529.3993518.0.jpg,0
1616726529.8034728.2.jpg,2
1616726530.3855782.2.jpg,2
1616726530.7247295.0.jpg,0
1616726531.3205674.0.jpg,0
1616726532.000117.3.jpg,3
1616726532.3546453.0.jpg,0
1616726532.9964278.0.jpg,0
1616726533.5848598.0.jpg,0
1616726534.2836397.0.jpg,0
1616726535.0555089.3.jpg,3
1616726535.3195295.0.jpg,0
1616726535.8995116.0.jpg,0
1616726536.2095776.3.jpg,3
1616726536.4745524.3.jpg,3
1616726536.676515.3.jpg,3
1616726537.2147133.3.jpg,3
1616726537.6517446.0.jpg,0
1616726538.0888264.2.jpg,2
1616726538.6167393.2.jpg,2
1616726539.071661.0.jpg,0
1616726539.490853.2.jpg,2
1616726540.1897378.0.jpg,0
1616726540.4045224.2.jpg,2
1616726540.6959786.2.jpg,2
1616726540.9746275.2.jpg,2
1616726541.2488348.2.jpg,2
1616726541.7486196.2.jpg,2
1616726541.869544.2.jpg,2
1616726541.991551.2.jpg,2
1616726542.1146777.2.jpg,2
1616726543.5367758.2.jpg,2
1616726543.8957117.0.jpg,0
1616726544.597804.0.jpg,0
1616726545.0747435.3.jpg,3
1616726545.6027257.0.jpg,0
1616726546.1190553.0.jpg,0
1616726546.6705632.2.jpg,2
1616726547.2266693.2.jpg,2
1616726548.3068066.2.jpg,2
1616726548.8886907.0.jpg,0
1616726549.2085931.2.jpg,2
1616726550.0840912.2.jpg,2
1616726550.547654.0.jpg,0
1616726551.0906036.0.jpg,0
1616726551.7247465.0.jpg,0
1616726552.9701924.0.jpg,0
1616726553.4457161.0.jpg,0
1616726555.5627096.0.jpg,0
1616726555.98992.0.jpg,0
1616726556.5237107.0.jpg,0
1616726557.1958048.0.jpg,0
1616726557.4136367.2.jpg,2
1616726559.801764.0.jpg,0
1616726560.3287218.0.jpg,0
1616726560.8987184.3.jpg,3
1616726561.648786.0.jpg,0
1616726562.2468529.0.jpg,0
1616726562.894958.0.jpg,0
1616726563.2070405.2.jpg,2
1616726563.6026223.2.jpg,2
1616726564.107771.0.jpg,0
1616726564.5796928.0.jpg,0
1616726564.69775.2.jpg,2
1616726565.289917.2.jpg,2
1616726565.656973.0.jpg,0
1616726565.935968.2.jpg,2
1616726566.4730475.2.jpg,2
1616726566.9357033.2.jpg,2
1616726567.4027753.0.jpg,0
1616726567.6630154.2.jpg,2
1616726568.1636348.2.jpg,2
1616726568.2845016.2.jpg,2
1616726568.658745.0.jpg,0
1616726569.2066925.0.jpg,0
1616726569.7238877.0.jpg,0
1616726570.392738.2.jpg,2
1616726571.0071654.0.jpg,0
1616726571.315913.2.jpg,2
1616726571.7096946.2.jpg,2
1616726572.101867.2.jpg,2
1616726572.4678366.0.jpg,0
1616726572.8567286.2.jpg,2
1616726573.222846.2.jpg,2
1616726573.7232397.0.jpg,0
1616726574.1508734.0.jpg,0
1616726574.7528622.2.jpg,2
1616726575.1027305.0.jpg,0
1616726575.4439557.0.jpg,0
1616726575.739825.3.jpg,3
1616726575.991992.3.jpg,3
1616726576.4868283.3.jpg,3
1616726577.2747402.0.jpg,0
1616726577.52706.3.jpg,3
1616726577.8219945.3.jpg,3
1616726578.4949026.0.jpg,0
1616726578.8169324.3.jpg,3
1616726579.0517168.3.jpg,3
1616726579.5560114.3.jpg,3
1616726579.8889132.0.jpg,0
1616726580.2458308.2.jpg,2
1616726580.6977713.0.jpg,0
1616726580.9958615.2.jpg,2
1616726581.2670944.2.jpg,2
1616726581.4914129.2.jpg,2
1616726581.9668295.2.jpg,2
1616726582.4628253.2.jpg,2
1616726582.9427912.0.jpg,0
1616726583.4299867.2.jpg,2
1616726583.8542123.2.jpg,2
1616726584.2409992.0.jpg,0
1616726584.5349908.2.jpg,2
1616726584.8117368.2.jpg,2
1616726585.2411053.2.jpg,2
1616726585.6528175.0.jpg,0
1616726586.058746.0.jpg,0
1616726586.285354.2.jpg,2
1616726586.6219797.2.jpg,2
1616726587.0580032.2.jpg,2
1616726587.326879.2.jpg,2
1616726587.5588753.2.jpg,2
1616726587.9098294.2.jpg,2
1616726588.3919647.2.jpg,2
1616726589.1108778.0.jpg,0
1616726589.6729627.0.jpg,0
1616726590.172993.0.jpg,0
1616726590.2937145.0.jpg,0
1616726590.3949864.0.jpg,0
1616726590.9708622.0.jpg,0
1616726591.4717128.0.jpg,0
1616726591.592472.0.jpg,0
1616726591.7125921.0.jpg,0
1616726591.8335986.0.jpg,0
1616726592.3798196.2.jpg,2
1616726592.7729309.0.jpg,0
1616726593.1599083.3.jpg,3
1616726593.647985.0.jpg,0
1616726593.913014.3.jpg,3
1616726594.2448928.3.jpg,3
1616726594.9168682.3.jpg,3
1616726595.2618215.0.jpg,0
1616726595.762874.0.jpg,0
1616726595.9980555.2.jpg,2
1616726596.242882.2.jpg,2
1616726596.4978929.2.jpg,2
1616726596.945369.2.jpg,2
1616726597.4238677.2.jpg,2
1616726597.9170446.2.jpg,2
1616726598.3711479.0.jpg,0
1616726598.8453496.0.jpg,0
1616726599.180162.2.jpg,2
1616726599.5689604.2.jpg,2
1616726600.0554388.2.jpg,2
1616726600.5139465.0.jpg,0
1616726600.816948.2.jpg,2
1616726601.0689366.2.jpg,2
1616726601.3893313.2.jpg,2
1616726601.6429641.2.jpg,2
1616726602.0016906.0.jpg,0
1616726602.350011.2.jpg,2
1616726602.5791776.2.jpg,2
1616726602.7942262.2.jpg,2
1616726603.0360053.2.jpg,2
1616726603.5909855.0.jpg,0
1616726603.7909973.2.jpg,2
1616726604.0389636.2.jpg,2
1616726604.5370145.0.jpg,0
1616726604.777147.2.jpg,2
1616726604.981972.2.jpg,2
1616726605.2532651.0.jpg,0
1616726605.4450254.0.jpg,0
1616726606.0849252.0.jpg,0
1616726606.8390522.0.jpg,0
1616726607.4881876.0.jpg,0
1616726607.8300571.0.jpg,0
1616726608.0968027.3.jpg,3
1616726608.2970014.3.jpg,3
1616726608.4620457.3.jpg,3
1616726608.6169958.3.jpg,3
1616726608.7732384.3.jpg,3
1616726609.2034452.0.jpg,0
1616726609.409958.3.jpg,3
1616726609.6119652.3.jpg,3
1616726609.7967439.3.jpg,3
1616726610.1150668.0.jpg,0
1616726610.4142103.2.jpg,2
1616726610.6099966.2.jpg,2
1616726610.775937.2.jpg,2
1616726610.9570913.2.jpg,2
1616726611.1309743.2.jpg,2
1616726611.3359432.2.jpg,2
1616726611.506058.2.jpg,2
1616726611.7080736.2.jpg,2
1616726611.8411381.2.jpg,2
1616726612.0059073.2.jpg,2
1616726612.4919944.2.jpg,2
1616726612.684077.2.jpg,2
1616726613.0521376.2.jpg,2
1616726613.279016.2.jpg,2
1616726613.5760787.2.jpg,2
1616726614.2430575.0.jpg,0
1616726614.4161582.3.jpg,3
1616726614.5989847.3.jpg,3
1616726614.7880747.3.jpg,3
1616726614.981072.3.jpg,3
1616726615.1540933.3.jpg,3
1616726615.535046.0.jpg,0
1616726615.7291062.0.jpg,0
1616726616.0681815.2.jpg,2
1616726616.2510717.2.jpg,2
1616726616.432013.2.jpg,2
1616726616.610016.2.jpg,2
1616726616.7752602.2.jpg,2
1616726616.9540246.2.jpg,2
1616726617.1215549.2.jpg,2
1616726617.321029.2.jpg,2
1616726617.4970088.2.jpg,2
1616726617.7293117.2.jpg,2
1616726618.6490707.0.jpg,0
1616726619.0310023.2.jpg,2
1616726619.4419858.0.jpg,0
1616726619.967599.0.jpg,0
1616726620.597544.0.jpg,0
1616726625.4260695.0.jpg,0
1616726625.7052672.2.jpg,2
1616726626.1600883.2.jpg,2
1616726626.8154035.0.jpg,0
1616726627.4595807.0.jpg,0
1616726628.045081.0.jpg,0
1616726629.8941314.3.jpg,3
1616726630.452127.0.jpg,0
1616726631.0410109.0.jpg,0
1616726631.6011405.0.jpg,0
1616726632.1540132.0.jpg,0
1616726632.6421914.2.jpg,2
1616726633.0631833.0.jpg,0
1616726633.4513254.0.jpg,0
1616726633.8362012.2.jpg,2
1616726634.2523706.2.jpg,2
1616726634.8352084.0.jpg,0
1616726635.0884538.2.jpg,2
1616726635.3345318.2.jpg,2
1616726635.5743268.2.jpg,2
1616726635.8293939.2.jpg,2
1616726636.093195.2.jpg,2
1616726636.2951932.2.jpg,2
1616726636.7945495.2.jpg,2
1616726636.914083.2.jpg,2
1616726637.0342958.2.jpg,2
1616726637.4514964.0.jpg,0
1616726637.918151.0.jpg,0
1616726638.238329.0.jpg,0
1616726638.5211473.2.jpg,2
1616726638.8060968.2.jpg,2
1616726639.017084.2.jpg,2
1616726639.7121198.2.jpg,2
1616726640.080189.0.jpg,0
1616726640.5872135.0.jpg,0
1616726641.1912608.0.jpg,0
1616726641.5252512.0.jpg,0
1616726641.8614705.0.jpg,0
1616726642.1681242.2.jpg,2
1616726642.3872597.2.jpg,2
1616726642.5635405.2.jpg,2
1616726642.7404044.2.jpg,2
1616726643.1232305.0.jpg,0
1616726643.4114702.3.jpg,3
1616726643.5821385.3.jpg,3
1616726643.732436.3.jpg,3
1616726643.8673263.3.jpg,3
1616726644.0321562.3.jpg,3
1616726644.7571807.3.jpg,3
1616726644.9351199.3.jpg,3
1616726645.1105576.3.jpg,3
1616726645.9552016.0.jpg,0
1616726646.2752442.2.jpg,2
1616726646.5983543.0.jpg,0
1616726646.837318.0.jpg,0
1616726647.1383252.2.jpg,2
1616726647.3402064.2.jpg,2
1616726647.5586014.2.jpg,2
1616726647.7763896.2.jpg,2
1616726648.1954129.0.jpg,0
1616726648.395501.2.jpg,2
1616726648.5782146.2.jpg,2
1616726648.7421901.2.jpg,2
1616726648.9050307.2.jpg,2
1616726649.0812142.2.jpg,2
1616726649.2591612.2.jpg,2
1616726649.437288.2.jpg,2
1616726649.5973625.2.jpg,2
1616726649.7724776.2.jpg,2
1616726650.0434315.2.jpg,2
1616726650.2773895.2.jpg,2
1616726651.147262.2.jpg,2
1616726651.7953718.0.jpg,0
1616726652.3183398.0.jpg,0
1616726652.643151.2.jpg,2
1616726652.9073324.2.jpg,2
1616726653.463279.2.jpg,2
1616726653.8896985.2.jpg,2
1616726654.3932412.0.jpg,0
1616726654.8193424.0.jpg,0
1616726655.1254184.0.jpg,0
1616726655.5434873.0.jpg,0
1616726655.9973195.2.jpg,2
1616726656.5986338.0.jpg,0
1616726656.8394582.0.jpg,0
1616726657.2844682.0.jpg,0
1616726657.5462756.0.jpg,0
1616726657.945461.0.jpg,0
1616726658.784433.2.jpg,2
1616726659.0813181.0.jpg,0
1616726659.672248.3.jpg,3
1616726660.3652835.0.jpg,0
1616726660.5894632.3.jpg,3
1616726660.7913167.3.jpg,3
1616726661.0454714.3.jpg,3
1616726661.5033462.0.jpg,0
1616726661.6739612.2.jpg,2
1616726661.8803196.2.jpg,2
1616726662.0842144.2.jpg,2
1616726662.2839222.2.jpg,2
1616726662.7443259.0.jpg,0
1616726663.1403189.2.jpg,2
1616726663.4253309.2.jpg,2
1616726664.0953074.0.jpg,0
1616726664.2371714.2.jpg,2
1616726664.4494755.2.jpg,2
1616726664.6844523.2.jpg,2
1616726664.8944237.2.jpg,2
1616726665.5843399.2.jpg,2
1616726665.8535316.2.jpg,2
1616726666.4934487.0.jpg,0
1616726666.9862823.0.jpg,0
1616726667.2078907.0.jpg,0
1616726667.5394783.2.jpg,2
1616726667.7018464.2.jpg,2
1616726667.9262319.2.jpg,2
1616726668.4293654.0.jpg,0
1616726668.6273334.2.jpg,2
1616726668.7952898.2.jpg,2
1616726669.1725154.2.jpg,2
1616726669.656754.0.jpg,0
1616726670.0676053.2.jpg,2
1616726670.7205503.0.jpg,0
1616726670.918249.0.jpg,0
1616726671.1973886.2.jpg,2
1616726671.3915508.2.jpg,2
1616726672.0284925.0.jpg,0
1616726672.6954014.3.jpg,3
1616726672.9344416.0.jpg,0
1616726673.136626.0.jpg,0
1616726673.633526.3.jpg,3
1616726674.1845975.0.jpg,0
1616726674.3896458.3.jpg,3
1616726674.5713627.3.jpg,3
1616726674.7476883.3.jpg,3
1616726674.9165838.3.jpg,3
1616726675.2283065.3.jpg,3
1616726675.4737456.0.jpg,0
1616726676.3293903.0.jpg,0
1616726676.4994714.2.jpg,2
1616726676.7043204.2.jpg,2
1616726677.0185525.2.jpg,2
1616726677.6435626.0.jpg,0
1616726677.8423214.2.jpg,2
1616726678.0314107.2.jpg,2
1616726678.2294393.2.jpg,2
1616726678.4727495.2.jpg,2
1616726678.688513.2.jpg,2
1616726678.8758016.2.jpg,2
1616726679.0733566.2.jpg,2
1616726679.5738816.2.jpg,2
1616726679.6949058.2.jpg,2
1616726680.3264086.0.jpg,0
1616726680.7494013.0.jpg,0
1616726681.1945431.0.jpg,0
1616726681.5316515.0.jpg,0
1616726681.8167853.2.jpg,2
1616726682.1113706.2.jpg,2
1616726682.2964377.2.jpg,2
1616726682.50064.2.jpg,2
1616726682.728523.2.jpg,2
1616726683.7023523.2.jpg,2
1616726684.116435.0.jpg,0
1616726684.7754836.2.jpg,2
1616726685.290602.0.jpg,0
1616726685.8833497.2.jpg,2
1616726686.249708.0.jpg,0
1616726686.7083735.0.jpg,0
1616726688.904479.0.jpg,0
1616726689.5104277.0.jpg,0
1616726690.3495188.0.jpg,0
1616726690.9325645.0.jpg,0
1616726691.5575244.0.jpg,0
1616726692.1176338.2.jpg,2
1616726692.4974716.0.jpg,0
1616726693.3157644.0.jpg,0
1616726693.6764522.3.jpg,3
1616726694.2074616.3.jpg,3
1616726694.960583.0.jpg,0
1616726695.5915859.0.jpg,0
1616726695.8923707.2.jpg,2
1616726696.357492.0.jpg,0
1616726696.761498.2.jpg,2
1616726697.3746243.0.jpg,0
1616726697.6205363.2.jpg,2
1616726698.1305761.2.jpg,2
1616726698.4515362.2.jpg,2
1616726698.939756.2.jpg,2
1616726699.2334864.0.jpg,0
1616726699.7046044.0.jpg,0
1616726700.1887083.2.jpg,2
1616726700.7636075.2.jpg,2
1616726701.186588.0.jpg,0
1616726701.6916318.2.jpg,2
1616726702.4365754.2.jpg,2
1616726702.96674.0.jpg,0
1616726703.6086302.2.jpg,2
1616726704.15409.2.jpg,2
1616726704.5525923.0.jpg,0
1616726705.0487607.0.jpg,0
1616726705.2687252.2.jpg,2
1616726705.696725.2.jpg,2
1616726706.1565843.2.jpg,2
1616726707.0176544.0.jpg,0
1616726707.5485466.0.jpg,0
1616726707.7655883.2.jpg,2
1616726708.1799233.2.jpg,2
1616726708.6497622.0.jpg,0
1616726709.1345901.2.jpg,2
1616726709.4717731.0.jpg,0
1616726709.8277707.0.jpg,0
1616726710.0367124.0.jpg,0
1616726710.5556214.3.jpg,3
1616726710.92164.3.jpg,3
1616726711.2585955.0.jpg,0
1616726711.551616.3.jpg,3
1616726711.7605553.3.jpg,3
1616726711.9485927.3.jpg,3
1616726712.2845492.0.jpg,0
1616726712.4986136.3.jpg,3
1616726712.8907194.3.jpg,3
1616726713.2079027.0.jpg,0
1616726713.6308076.0.jpg,0
1616726713.7949286.0.jpg,0
1616726714.034625.2.jpg,2
1616726714.3087103.2.jpg,2
1616726714.5306432.2.jpg,2
1616726714.7156544.2.jpg,2
1616726714.9225512.2.jpg,2
1616726715.116555.2.jpg,2
1616726715.3097048.2.jpg,2
1616726715.4846299.2.jpg,2
1616726715.662611.2.jpg,2
1616726716.1627314.2.jpg,2
1616726716.2840242.2.jpg,2
1616726716.406371.2.jpg,2
1616726716.5263112.2.jpg,2
1616726716.6463268.2.jpg,2
1616726716.7664135.2.jpg,2
1616726717.633697.3.jpg,3
1616726718.407705.3.jpg,3
1616726718.7397885.0.jpg,0
1616726719.323708.0.jpg,0
1616726719.85774.0.jpg,0
1616726720.446599.0.jpg,0
1616726720.595836.2.jpg,2
1616726720.879682.2.jpg,2
1616726721.3797767.2.jpg,2
1616726721.5008063.2.jpg,2
1616726721.621189.2.jpg,2
1616726721.7429976.2.jpg,2
1616726721.8631475.2.jpg,2
1616726723.3146577.0.jpg,0
1616726723.5338209.3.jpg,3
1616726724.2376852.3.jpg,3
1616726724.5786204.0.jpg,0
1616726725.1836967.0.jpg,0
1616726725.8100703.0.jpg,0
1616726726.4563751.0.jpg,0
1616726726.8257651.2.jpg,2
1616726727.2297132.0.jpg,0
1616726727.6167166.0.jpg,0
1616726728.269783.2.jpg,2
1616726728.6096773.0.jpg,0
1616726728.9588692.3.jpg,3
1616726729.6578588.0.jpg,0
1616726729.8217742.3.jpg,3
1616726730.334971.3.jpg,3
1616726730.749877.0.jpg,0
1616726731.3366115.0.jpg,0
1616726732.2337422.2.jpg,2
1616726732.7430282.0.jpg,0
1616726733.2478724.0.jpg,0
1616726733.610636.2.jpg,2
1616726734.1351156.2.jpg,2
1616726734.627896.0.jpg,0
1616726735.2098024.2.jpg,2
1616726735.5708714.0.jpg,0
1616726736.0107074.2.jpg,2
1616726736.4577026.0.jpg,0
1616726736.7338343.2.jpg,2
1616726737.267826.2.jpg,2
1616726737.6258183.2.jpg,2
1616726738.4508774.0.jpg,0
1616726738.7537904.2.jpg,2
1616726739.1597638.2.jpg,2
1616726739.7478034.0.jpg,0
1616726740.0401134.2.jpg,2
1616726740.3081198.2.jpg,2
1616726740.591058.2.jpg,2
1616726740.8251114.2.jpg,2
1616726741.166698.2.jpg,2
1616726741.8346977.2.jpg,2
1616726742.7199805.0.jpg,0
1616726742.991804.2.jpg,2
1616726743.4938512.0.jpg,0
1616726744.028725.2.jpg,2
1616726744.4428794.0.jpg,0
1616726745.00286.2.jpg,2
1616726745.748787.0.jpg,0
1616726746.2708864.0.jpg,0
1616726746.8567903.0.jpg,0
1616726747.2300134.3.jpg,3
1616726747.5909433.0.jpg,0
1616726748.2491095.0.jpg,0
1616726748.5797782.3.jpg,3
1616726748.8675013.3.jpg,3
1616726749.3097558.0.jpg,0
1616726749.6587772.3.jpg,3
1616726749.852841.3.jpg,3
1616726750.031922.3.jpg,3
1616726750.822791.0.jpg,0
1616726751.037077.3.jpg,3
1616726751.3699343.0.jpg,0
1616726751.8177545.0.jpg,0
1616726752.1838572.2.jpg,2
1616726752.645013.2.jpg,2
1616726752.9987636.0.jpg,0
1616726753.2359474.2.jpg,2
1616726753.6285732.0.jpg,0
1616726753.8188396.2.jpg,2
1616726754.319187.2.jpg,2
1616726754.439006.2.jpg,2
1616726754.56091.2.jpg,2
1616726755.830948.0.jpg,0
1616726755.9951596.2.jpg,2
1616726756.232893.2.jpg,2
1616726756.4178185.2.jpg,2
1616726756.6980355.2.jpg,2
1616726757.1739724.2.jpg,2
1616726757.6228302.0.jpg,0
1616726758.055789.0.jpg,0
1616726758.574923.2.jpg,2
1616726759.0219886.0.jpg,0
1616726759.3609197.2.jpg,2
1616726759.592123.2.jpg,2
1616726759.7720501.2.jpg,2
1616726759.9903238.2.jpg,2
1616726760.4689326.2.jpg,2
1616726760.8299417.0.jpg,0
1616726761.1330943.0.jpg,0
1616726761.7699783.0.jpg,0
1616726762.2468956.0.jpg,0
1616726762.5339093.0.jpg,0
1616726762.8398333.0.jpg,0
1616726763.3402655.0.jpg,0
1616726764.08684.0.jpg,0
1616726764.6038194.0.jpg,0
1616726764.899884.2.jpg,2
1616726765.2049134.0.jpg,0
1616726765.6141758.3.jpg,3
1616726765.9239807.3.jpg,3
1616726766.4289415.0.jpg,0
1616726766.7959604.0.jpg,0
1616726767.1909149.0.jpg,0
1616726767.5919871.0.jpg,0
1616726767.9558759.2.jpg,2
1616726768.2851048.2.jpg,2
1616726768.52516.2.jpg,2
1616726768.8019211.2.jpg,2
1616726769.1690667.2.jpg,2
1616726769.6119523.2.jpg,2
1616726769.8390846.2.jpg,2
1616726770.330982.0.jpg,0
1616726770.5869555.2.jpg,2
1616726770.7890081.2.jpg,2
1616726770.982961.2.jpg,2
1616726771.3439605.2.jpg,2
1616726771.7561574.0.jpg,0
1616726771.9971867.0.jpg,0
1616726772.2029812.0.jpg,0
1616726772.5411823.2.jpg,2
1616726772.7573233.2.jpg,2
1616726772.9338508.2.jpg,2
1616726773.0999267.2.jpg,2
1616726773.276035.2.jpg,2
1616726773.692396.2.jpg,2
1616726774.159921.0.jpg,0
1616726774.5933983.2.jpg,2
1616726774.869994.2.jpg,2
1616726775.0751538.2.jpg,2
1616726775.6359975.2.jpg,2
1616726776.0252194.0.jpg,0
1616726776.4741776.0.jpg,0
1616726777.0598705.0.jpg,0
1616726777.5602584.0.jpg,0
1616726778.3252661.0.jpg,0
1616726778.8859394.0.jpg,0
1616726779.3310337.0.jpg,0
1616726779.7270272.3.jpg,3
1616726779.9879603.3.jpg,3
1616726780.3661327.3.jpg,3
1616726780.7970335.3.jpg,3
1616726781.2183285.0.jpg,0
1616726781.4691136.3.jpg,3
1616726781.647142.3.jpg,3
1616726781.805333.3.jpg,3
1616726781.9760885.3.jpg,3
1616726782.1312065.3.jpg,3
1616726782.4283247.0.jpg,0
1616726782.6490645.0.jpg,0
1616726782.8389704.2.jpg,2
1616726783.015026.2.jpg,2
1616726783.1532059.2.jpg,2
1616726783.3271022.2.jpg,2
1616726783.4979904.2.jpg,2
1616726783.6852877.2.jpg,2
1616726783.8760104.2.jpg,2
1616726784.0659573.2.jpg,2
1616726784.271064.2.jpg,2
1616726784.7699602.2.jpg,2
1616726785.0490615.2.jpg,2
1616726785.4800422.2.jpg,2
1616726785.9413679.2.jpg,2
1616726786.2921753.0.jpg,0
1616726786.7710319.0.jpg,0
1616726787.1190891.0.jpg,0
1616726787.4551744.0.jpg,0
1616726788.073417.0.jpg,0
1616726789.0280454.2.jpg,2
1616726789.351763.0.jpg,0
1616726789.7211874.2.jpg,2
1616726790.0791316.2.jpg,2
1616726790.6359892.2.jpg,2
1616726791.4392626.0.jpg,0
1616726791.5720398.2.jpg,2
1616726791.820576.2.jpg,2
1616726792.2740145.2.jpg,2
1616726792.7973287.0.jpg,0
1616726793.158001.0.jpg,0
1616726793.5580583.0.jpg,0
1616726793.8530807.0.jpg,0
1616726794.3100226.0.jpg,0
1616726794.834096.0.jpg,0
1616726795.1830654.0.jpg,0
1616726795.4573946.0.jpg,0
1616726795.847019.0.jpg,0
1616726796.3200915.3.jpg,3
1616726796.5680676.3.jpg,3
1616726797.3720212.0.jpg,0
1616726797.8671007.0.jpg,0
1616726798.2401838.0.jpg,0
1616726798.6150465.0.jpg,0
1616726798.900457.2.jpg,2
1616726799.1520638.2.jpg,2
1616726799.4279947.2.jpg,2
1616726799.6901057.2.jpg,2
1616726799.967102.2.jpg,2
1616726800.2070937.2.jpg,2
1616726800.5584202.2.jpg,2
1616726800.7821345.2.jpg,2
1616726800.9772322.2.jpg,2
1616726801.2014937.2.jpg,2
1616726801.5041077.2.jpg,2
1616726801.9302585.2.jpg,2
1616726802.206076.2.jpg,2
1616726802.7711186.0.jpg,0
1616726803.3100464.0.jpg,0
1616726803.6421463.0.jpg,0
1616726803.9924161.2.jpg,2
1616726804.4263034.2.jpg,2
1616726804.825093.0.jpg,0
1616726805.0361676.2.jpg,2
1616726805.250105.2.jpg,2
1616726805.4564345.2.jpg,2
1616726805.876388.2.jpg,2
1616726806.2702904.0.jpg,0
1616726806.4962795.0.jpg,0
1616726806.7254603.0.jpg,0
1616726806.8910804.2.jpg,2
1616726807.1573322.2.jpg,2
1616726807.3911235.2.jpg,2
1616726807.9271774.0.jpg,0
1616726808.1892705.3.jpg,3
1616726808.528304.0.jpg,0
1616726808.81014.0.jpg,0
1616726809.0162568.3.jpg,3
1616726809.1982362.3.jpg,3
1616726809.3771894.3.jpg,3
1616726809.5291772.3.jpg,3
1616726809.833493.3.jpg,3
1616726810.3244631.3.jpg,3
1616726810.767084.3.jpg,3
1616726811.0502055.0.jpg,0
1616726811.298257.0.jpg,0
1616726811.9623885.2.jpg,2
1616726812.1782548.2.jpg,2
1616726812.5262327.0.jpg,0
1616726813.2743678.0.jpg,0
1616726813.5344512.0.jpg,0
1616726813.8151813.2.jpg,2
1616726814.2092361.2.jpg,2
1616726814.5027351.2.jpg,2
1616726814.6762316.2.jpg,2
1616726815.1374063.2.jpg,2
1616726815.638105.2.jpg,2
1616726815.7594023.2.jpg,2
1616726817.027325.2.jpg,2
1616726817.4823925.0.jpg,0
1616726817.9491608.0.jpg,0
1616726818.3372848.0.jpg,0
1616726818.7112586.2.jpg,2
1616726819.088133.2.jpg,2
1616726819.5231833.0.jpg,0
1616726819.7682045.2.jpg,2
1616726820.0023098.2.jpg,2
1616726820.1914449.2.jpg,2
1616726820.3913412.2.jpg,2
1616726820.6372268.2.jpg,2
1616726821.2352571.2.jpg,2
1616726821.6002772.2.jpg,2
1616726822.8651884.0.jpg,0
1616726823.2312913.2.jpg,2
1616726823.4974697.2.jpg,2
1616726824.4142432.2.jpg,2
1616726824.774472.0.jpg,0
1616726825.1592493.0.jpg,0
1616726825.4692106.0.jpg,0
1616726825.7723513.3.jpg,3
1616726826.2096539.3.jpg,3
1616726826.5842557.0.jpg,0
1616726826.959227.0.jpg,0
1616726827.2676022.0.jpg,0
1616726827.6066096.0.jpg,0
1616726828.4552724.0.jpg,0
1616726828.861289.3.jpg,3
1616726829.5542855.0.jpg,0
1616726830.2542996.0.jpg,0
1616726830.7025456.0.jpg,0
1616726831.17561.2.jpg,2
1616726831.565286.0.jpg,0
1616726831.8506987.0.jpg,0
1616726832.0763335.2.jpg,2
1616726832.332457.2.jpg,2
1616726832.520224.2.jpg,2
1616726832.7832904.2.jpg,2
1616726833.029364.2.jpg,2
1616726833.2184741.2.jpg,2
1616726833.6692667.2.jpg,2
1616726834.3025472.2.jpg,2
1616726834.8272617.0.jpg,0
1616726835.4253554.2.jpg,2
1616726835.7173696.2.jpg,2
1616726836.2504082.0.jpg,0
1616726836.8004925.0.jpg,0
1616726837.1263554.2.jpg,2
1616726837.7013414.0.jpg,0
1616726837.9823396.2.jpg,2
1616726838.218713.2.jpg,2
1616726838.4113452.2.jpg,2
1616726838.6474848.2.jpg,2
1616726839.4474192.0.jpg,0
1616726839.846329.2.jpg,2
1616726840.1266296.2.jpg,2
1616726840.5113137.0.jpg,0
1616726840.805386.2.jpg,2
1616726841.0313728.2.jpg,2
1616726841.5773284.0.jpg,0
1616726842.2377458.3.jpg,3
1616726842.5223894.0.jpg,0
1616726842.8156173.0.jpg,0
1616726843.2654042.0.jpg,0
1616726843.9293191.0.jpg,0
1616726844.4175203.0.jpg,0
1616726844.8814642.3.jpg,3
1616726845.3404143.3.jpg,3
1616726845.7394197.0.jpg,0
1616726845.941297.3.jpg,3
1616726846.3073351.3.jpg,3
1616726846.646401.0.jpg,0
1616726847.0298774.2.jpg,2
1616726847.519609.2.jpg,2
1616726847.9164693.0.jpg,0
1616726848.4384053.2.jpg,2
1616726848.7003694.0.jpg,0
1616726848.9383287.0.jpg,0
1616726849.323447.2.jpg,2
1616726849.5424216.2.jpg,2
1616726850.0418022.2.jpg,2
1616726850.1635144.2.jpg,2
1616726850.2841043.2.jpg,2
1616726850.405236.2.jpg,2
1616726850.8783953.2.jpg,2
1616726851.3914473.0.jpg,0
1616726851.786412.0.jpg,0
1616726852.813726.0.jpg,0
1616726853.0695045.2.jpg,2
1616726853.7386494.2.jpg,2
1616726854.0088081.2.jpg,2
1616726854.3507714.2.jpg,2
1616726854.8216097.0.jpg,0
1616726855.2304895.0.jpg,0
1616726855.727449.2.jpg,2
1616726856.6805665.0.jpg,0
1616726857.5435736.0.jpg,0
1616726857.9259472.2.jpg,2
1616726858.5074015.0.jpg,0
1616726858.9236078.2.jpg,2
1616726859.4113925.0.jpg,0
1616726859.8064048.0.jpg,0
1616726860.5246253.2.jpg,2
1616726860.9005692.0.jpg,0
1616726861.2409303.0.jpg,0
1616726861.741292.0.jpg,0
1616726861.861365.0.jpg,0
1616726861.9827187.0.jpg,0
1616726862.1031957.0.jpg,0
1616726862.7103837.0.jpg,0
1616726862.924511.3.jpg,3
1616726863.140637.3.jpg,3
1616726863.3089066.3.jpg,3
1616726863.8526244.0.jpg,0
1616726864.311493.0.jpg,0
1616726865.0015578.2.jpg,2
1616726865.408968.2.jpg,2
1616726865.7954423.0.jpg,0
1616726866.284744.2.jpg,2
1616726866.7355642.0.jpg,0
1616726867.2145119.2.jpg,2
1616726867.6445065.2.jpg,2
1616726868.0907784.0.jpg,0
1616726868.484527.2.jpg,2
1616726868.8815522.0.jpg,0
1616726869.2057507.2.jpg,2
1616726869.8076653.2.jpg,2
1616726870.122426.2.jpg,2
1616726871.3486984.0.jpg,0
1616726871.523833.2.jpg,2
1616726871.978322.2.jpg,2
1616726872.5257926.2.jpg,2
1616726872.9885364.0.jpg,0
1616726873.3955147.2.jpg,2
1616726873.7874994.0.jpg,0
1616726873.9938762.2.jpg,2
1616726874.3506293.2.jpg,2
1616726874.733887.0.jpg,0
1616726875.1465771.2.jpg,2
1616726875.5305068.2.jpg,2
1616726875.934579.0.jpg,0
1616726876.3548398.2.jpg,2
1616726876.674558.0.jpg,0
1616726877.0816348.2.jpg,2
1616726877.3385684.0.jpg,0
1616726877.6227756.0.jpg,0
1616726877.932526.0.jpg,0
1616726878.4335694.3.jpg,3
1616726878.695608.3.jpg,3
1616726879.1698284.0.jpg,0
1616726879.4009876.3.jpg,3
1616726879.6195931.3.jpg,3
1616726879.8149116.3.jpg,3
1616726880.010778.3.jpg,3
1616726880.425069.0.jpg,0
1616726880.837658.3.jpg,3
1616726881.4626513.0.jpg,0
1616726882.2036507.3.jpg,3
1616726882.4749975.3.jpg,3
1616726882.8180127.0.jpg,0
1616726883.0127802.2.jpg,2
1616726883.3186445.2.jpg,2
1616726883.5517473.0.jpg,0
1616726883.7608054.2.jpg,2
1616726884.2617426.2.jpg,2
1616726884.3916953.2.jpg,2
1616726885.1746123.2.jpg,2
1616726886.0445912.2.jpg,2
1616726886.580603.0.jpg,0
1616726886.9586716.2.jpg,2
1616726887.4036047.2.jpg,2
1616726887.8098826.2.jpg,2
1616726888.5337014.0.jpg,0
1616726888.8805568.2.jpg,2
1616726889.4045975.2.jpg,2
1616726890.0598063.0.jpg,0
1616726891.72567.0.jpg,0
1616726892.188845.2.jpg,2
1616726892.8797066.0.jpg,0
1616726893.4487762.2.jpg,2
1616726893.987667.0.jpg,0
1616726894.3197837.2.jpg,2
1616726894.6056852.2.jpg,2
1616726895.106496.2.jpg,2
1616726895.2261164.2.jpg,2
1616726895.349082.2.jpg,2
1616726896.2126203.0.jpg,0
1616726896.9798586.0.jpg,0
1616726897.5810294.0.jpg,0
1616726897.8866148.3.jpg,3
1616726898.2533298.0.jpg,0
1616726898.5828042.0.jpg,0
1616726898.9687808.0.jpg,0
1616726899.4227214.0.jpg,0
1616726899.9776924.0.jpg,0
1616726900.6702325.2.jpg,2
1616726900.972693.2.jpg,2
1616726901.4516547.0.jpg,0
1616726901.9427052.0.jpg,0
1616726902.3387537.3.jpg,3
1616726902.6448827.3.jpg,3
1616726902.846932.3.jpg,3
1616726903.0451179.3.jpg,3
1616726903.740725.0.jpg,0
1616726904.3948357.2.jpg,2
1616726904.7098923.0.jpg,0
1616726905.1237032.2.jpg,2
1616726905.624897.0.jpg,0
1616726905.73376.2.jpg,2
1616726906.2147422.0.jpg,0
1616726906.5547895.2.jpg,2
1616726906.979657.0.jpg,0
1616726907.3206122.2.jpg,2
1616726907.5227494.2.jpg,2
1616726907.728011.2.jpg,2
1616726908.2608259.2.jpg,2
1616726908.4458551.2.jpg,2
1616726908.6309066.2.jpg,2
1616726909.2027688.0.jpg,0
1616726909.83523.2.jpg,2
1616726911.0067704.0.jpg,0
1616726911.2687392.2.jpg,2
1616726911.6753263.0.jpg,0
1616726912.1487706.2.jpg,2
1616726912.518771.2.jpg,2
1616726912.8218248.0.jpg,0
1616726913.2122757.2.jpg,2
1616726913.5537086.0.jpg,0
1616726913.7507892.2.jpg,2
1616726914.246753.2.jpg,2
1616726914.8160565.0.jpg,0
1616726915.3430774.0.jpg,0
1616726915.8117907.2.jpg,2
1616726916.2038198.0.jpg,0
1616726916.693772.2.jpg,2
1616726917.025811.0.jpg,0
1616726917.4967504.0.jpg,0
1616726918.0467982.0.jpg,0
1616726918.489191.3.jpg,3
1616726918.9547865.0.jpg,0
1616726919.2409978.3.jpg,3
1616726919.5040302.3.jpg,3
1616726919.695005.3.jpg,3
1616726919.907815.3.jpg,3
1616726920.4929087.3.jpg,3
1616726921.2140007.3.jpg,3
1616726921.9111006.0.jpg,0
1616726922.3978446.0.jpg,0
1616726922.89487.0.jpg,0
1616726923.428895.0.jpg,0
1616726924.0622253.2.jpg,2
1616726924.4009392.0.jpg,0
1616726924.7580407.2.jpg,2
1616726925.09089.0.jpg,0
1616726925.3239162.2.jpg,2
1616726925.6197693.2.jpg,2
1616726926.1198313.2.jpg,2
1616726926.2410133.2.jpg,2
1616726926.3618174.2.jpg,2
1616726926.4832797.2.jpg,2
1616726926.605394.2.jpg,2
1616726927.0287704.2.jpg,2
1616726927.7719836.0.jpg,0
1616726928.1229706.2.jpg,2
1616726929.1520522.0.jpg,0
1616726929.6480396.2.jpg,2
1616726930.0060184.0.jpg,0
1616726930.493967.0.jpg,0
1616726930.846944.0.jpg,0
1616726931.2510064.2.jpg,2
1616726931.6403167.2.jpg,2
1616726932.1400511.2.jpg,2
1616726932.2613552.2.jpg,2
1616726932.801888.2.jpg,2
1616726933.8289537.0.jpg,0
1616726934.2818437.0.jpg,0
1616726934.7499607.0.jpg,0
1616726935.0771189.2.jpg,2
1616726935.3840451.0.jpg,0
1616726935.8949666.0.jpg,0
1616726936.7221127.0.jpg,0
1616726937.2362134.0.jpg,0
1616726937.685746.2.jpg,2
1616726938.1101744.0.jpg,0
1616726938.626119.0.jpg,0
1616726939.3600717.0.jpg,0
1616726940.0934374.0.jpg,0
1616726940.7461581.3.jpg,3
1616726941.1989844.0.jpg,0
1616726941.5958712.3.jpg,3
1616726941.8699505.0.jpg,0
1616726942.1542826.0.jpg,0
1616726942.5870912.0.jpg,0
1616726942.8211968.2.jpg,2
1616726943.1229677.2.jpg,2
1616726943.3703158.2.jpg,2
1616726943.9763412.2.jpg,2
1616726944.366171.0.jpg,0
1616726944.8559852.0.jpg,0
1616726945.2193499.2.jpg,2
1616726945.5034347.2.jpg,2
1616726945.729355.2.jpg,2
1616726946.2301142.2.jpg,2
1616726946.3501935.2.jpg,2
1616726946.471773.2.jpg,2
1616726947.2470493.0.jpg,0
1616726947.4484305.2.jpg,2
1616726948.1680064.0.jpg,0
1616726948.3323026.2.jpg,2
1616726948.7583396.0.jpg,0
1616726948.9432123.2.jpg,2
1616726949.3635678.2.jpg,2
1616726949.6629703.2.jpg,2
1616726949.8652039.2.jpg,2
1616726950.442866.2.jpg,2
1616726950.7771013.2.jpg,2
1616726951.2580469.0.jpg,0
1616726951.7250953.0.jpg,0
1616726952.2251148.0.jpg,0
1616726952.345858.0.jpg,0
1616726952.5682175.2.jpg,2
1616726953.289948.2.jpg,2
1616726953.7340612.2.jpg,2
1616726954.0890503.0.jpg,0
1616726954.5891488.0.jpg,0
1616726954.7104247.0.jpg,0
1616726955.631992.3.jpg,3
1616726956.137022.0.jpg,0
1616726956.7640362.0.jpg,0
1616726957.3340619.0.jpg,0
1616726957.6250198.3.jpg,3
1616726958.0452664.0.jpg,0
1616726958.4159765.3.jpg,3
1616726958.663772.3.jpg,3
1616726958.8923514.3.jpg,3
1616726959.4205482.3.jpg,3
1616726960.3261945.0.jpg,0
1616726960.5640526.3.jpg,3
1616726960.8110225.3.jpg,3
1616726961.1340013.0.jpg,0
1616726961.3623176.0.jpg,0
1616726961.6631088.2.jpg,2
1616726961.920071.2.jpg,2
1616726962.3740852.2.jpg,2
1616726962.6320972.2.jpg,2
1616726963.1392887.0.jpg,0
1616726963.5600958.2.jpg,2
1616726963.9570494.0.jpg,0
1616726964.1370773.2.jpg,2
1616726964.3960943.2.jpg,2
1616726964.5708492.2.jpg,2
1616726965.0702138.2.jpg,2
1616726965.1910992.2.jpg,2
1616726965.312152.2.jpg,2
1616726965.4328835.2.jpg,2
1616726967.487121.0.jpg,0
1616726968.0341911.0.jpg,0
1616726968.4340363.0.jpg,0
1616726968.8500571.2.jpg,2
1616726969.1570833.2.jpg,2
1616726969.6583848.2.jpg,2
1616726969.7790549.2.jpg,2
1616726970.2812047.0.jpg,0
1616726970.7321298.2.jpg,2
1616726971.038176.0.jpg,0
1616726971.5389233.0.jpg,0
1616726971.9595556.2.jpg,2
1616726972.3392084.0.jpg,0
1616726972.9402423.0.jpg,0
1616726973.315145.0.jpg,0
1616726973.6514099.0.jpg,0
1616726974.0733418.0.jpg,0
1616726974.4964316.0.jpg,0
1616726975.0011952.0.jpg,0
1616726975.4241335.0.jpg,0
1616726975.8741486.0.jpg,0
1616726976.5376253.3.jpg,3
1616726976.7971954.0.jpg,0
1616726977.0433724.0.jpg,0
1616726977.4350984.2.jpg,2
1616726977.8133159.0.jpg,0
1616726978.3322206.0.jpg,0
1616726978.5522325.2.jpg,2
1616726978.817177.2.jpg,2
1616726979.0044863.2.jpg,2
1616726979.195341.2.jpg,2
1616726979.5072982.0.jpg,0
1616726979.7504048.2.jpg,2
1616726979.9433463.2.jpg,2
1616726980.1572902.2.jpg,2
1616726980.658136.2.jpg,2
1616726980.7788427.2.jpg,2
1616726980.8990223.2.jpg,2
1616726981.0226483.2.jpg,2
1616726981.4513698.0.jpg,0
1616726981.9392357.0.jpg,0
1616726982.5201325.0.jpg,0
1616726982.7201617.2.jpg,2
1616726982.9872668.2.jpg,2
1616726983.2321863.2.jpg,2
1616726983.7115228.0.jpg,0
1616726983.902648.2.jpg,2
1616726984.1183915.2.jpg,2
1616726984.332253.2.jpg,2
1616726984.5693138.2.jpg,2
1616726984.8631794.2.jpg,2
1616726985.009646.2.jpg,2
1616726985.5361223.2.jpg,2
1616726985.8862257.0.jpg,0
1616726986.3303852.0.jpg,0
1616726986.8311813.0.jpg,0
1616726986.9502144.0.jpg,0
1616726987.2861233.2.jpg,2
1616726987.6924384.0.jpg,0
1616726988.111304.0.jpg,0
1616726988.3842866.0.jpg,0
1616726988.9331577.3.jpg,3
1616726989.707444.0.jpg,0
1616726990.2865412.3.jpg,3
1616726990.5782442.0.jpg,0
1616726990.962485.3.jpg,3
1616726991.3062093.3.jpg,3
1616726991.9801638.3.jpg,3
1616726992.259422.0.jpg,0
1616726992.7922413.0.jpg,0
1616726993.3055604.0.jpg,0
1616726993.5622356.0.jpg,0
1616726993.7973332.2.jpg,2
1616726994.3742583.2.jpg,2
1616726994.8747432.2.jpg,2
1616726995.0985017.0.jpg,0
1616726995.524726.0.jpg,0
1616726995.7265592.2.jpg,2
1616726996.2256155.2.jpg,2
1616726996.3479645.2.jpg,2
1616726996.4696681.2.jpg,2
1616726996.5904388.2.jpg,2
1616726996.7106013.2.jpg,2
1616726997.0622246.2.jpg,2
1616726997.5623436.2.jpg,2
1616726997.6835756.2.jpg,2
1616726997.8057425.2.jpg,2
1616726997.9268067.2.jpg,2
1616726998.0481946.2.jpg,2
1616726998.7831855.0.jpg,0
1616726999.2840178.0.jpg,0
1616726999.4053366.0.jpg,0
1616726999.5253623.0.jpg,0
1616726999.6455953.0.jpg,0
1616726999.76863.0.jpg,0
1616727000.212369.2.jpg,2
1616727000.7127054.2.jpg,2
1616727000.8331652.2.jpg,2
1616727001.0562673.0.jpg,0
1616727001.2913115.2.jpg,2
1616727001.9057715.0.jpg,0
1616727002.4394035.2.jpg,2
1616727003.0143962.0.jpg,0
1616727003.514444.0.jpg,0
1616727003.6345098.0.jpg,0
1616727003.755863.0.jpg,0
1616727003.875725.0.jpg,0
1616727003.9969184.0.jpg,0
1616727004.118248.0.jpg,0
1616727005.00442.0.jpg,0
1616727005.2664537.2.jpg,2
1616727006.1366873.2.jpg,2
1616727006.5243106.0.jpg,0
1616727007.1513312.0.jpg,0
1616727007.6517434.0.jpg,0
1616727007.7721436.0.jpg,0
1616727008.0577602.3.jpg,3
1616727008.298355.3.jpg,3
1616727008.4852924.3.jpg,3
1616727008.8562899.3.jpg,3
1616727009.209308.0.jpg,0
1616727009.4302654.0.jpg,0
1616727009.6617217.2.jpg,2
1616727009.8909981.2.jpg,2
1616727010.091559.2.jpg,2
1616727010.4004426.2.jpg,2
1616727010.6888092.2.jpg,2
1616727010.9524465.0.jpg,0
1616727011.1523683.2.jpg,2
1616727011.3445866.2.jpg,2
1616727011.7323272.2.jpg,2
1616727012.2315292.2.jpg,2
1616727012.3515632.2.jpg,2
1616727012.737019.2.jpg,2
1616727013.5257173.0.jpg,0
1616727013.7563803.2.jpg,2
1616727013.9775848.2.jpg,2
1616727014.4603777.0.jpg,0
1616727014.7925808.2.jpg,2
1616727015.338529.0.jpg,0
1616727015.8483481.0.jpg,0
1616727016.1084878.2.jpg,2
1616727016.5417185.2.jpg,2
1616727016.8651931.2.jpg,2
1616727017.0713172.2.jpg,2
1616727017.7543726.2.jpg,2
1616727018.397587.2.jpg,2
1616727018.7715173.0.jpg,0
1616727020.0066285.0.jpg,0
1616727020.4015923.0.jpg,0
1616727020.7518344.0.jpg,0
1616727021.190701.2.jpg,2
1616727021.745449.2.jpg,2
1616727022.3624208.0.jpg,0
1616727032.6728983.1.jpg,1
1616727156.3617308.0.jpg,0
1616727156.699127.3.jpg,3
1616727157.1184008.0.jpg,0
1616727157.7583575.3.jpg,3
1616727158.2882807.0.jpg,0
1616727158.8391452.0.jpg,0
1616727159.461055.3.jpg,3
1616727159.9162343.3.jpg,3
1616727160.3091435.0.jpg,0
1616727160.9231331.0.jpg,0
1616727161.2352612.3.jpg,3
1616727161.6539712.3.jpg,3
1616727162.0434046.0.jpg,0
1616727162.3842108.3.jpg,3
1616727162.6201932.3.jpg,3
1616727162.827301.3.jpg,3
1616727163.045363.3.jpg,3
1616727163.2822397.3.jpg,3
1616727163.472249.3.jpg,3
1616727163.670418.3.jpg,3
1616727164.252315.3.jpg,3
1616727164.7023203.3.jpg,3
1616727165.1762273.3.jpg,3
1616727165.7482085.0.jpg,0
1616727166.0612905.3.jpg,3
1616727166.2992604.3.jpg,3
1616727166.4743998.3.jpg,3
1616727167.1292908.3.jpg,3
1616727167.6292708.0.jpg,0
1616727168.1333387.3.jpg,3
1616727168.7153604.0.jpg,0
1616727169.25828.0.jpg,0
1616727169.4975889.2.jpg,2
1616727169.9783852.2.jpg,2
1616727170.800382.0.jpg,0
1616727171.0803123.2.jpg,2
1616727171.432859.0.jpg,0
1616727172.4332697.0.jpg,0
1616727172.6413102.3.jpg,3
1616727173.0256073.0.jpg,0
1616727173.4004636.0.jpg,0
1616727173.8813756.0.jpg,0
1616727174.7673671.0.jpg,0
1616727175.3173993.0.jpg,0
1616727176.2051182.0.jpg,0
1616727176.6064625.3.jpg,3
1616727177.3444047.0.jpg,0
1616727178.1715739.3.jpg,3
1616727178.5256062.0.jpg,0
1616727179.2153375.3.jpg,3
1616727179.5903518.0.jpg,0
1616727180.465528.0.jpg,0
1616727180.7613611.3.jpg,3
1616727181.0254748.3.jpg,3
1616727181.6053157.3.jpg,3
1616727182.0614629.3.jpg,3
1616727182.477294.0.jpg,0
1616727183.0085282.3.jpg,3
1616727183.6123593.3.jpg,3
1616727183.8574705.0.jpg,0
1616727184.1807842.3.jpg,3
1616727184.3794925.3.jpg,3
1616727184.7542582.3.jpg,3
1616727185.253992.3.jpg,3
1616727185.3742437.3.jpg,3
1616727185.4962528.3.jpg,3
1616727185.6167943.3.jpg,3
1616727185.7364135.3.jpg,3
1616727185.8579907.3.jpg,3
1616727186.611391.3.jpg,3
1616727187.2453647.3.jpg,3
1616727188.122668.0.jpg,0
1616727188.724343.0.jpg,0
1616727189.3554842.0.jpg,0
1616727190.1243548.0.jpg,0
1616727190.483436.2.jpg,2
1616727191.0334983.2.jpg,2
1616727191.6295047.0.jpg,0
1616727192.3795362.2.jpg,2
1616727192.6347084.0.jpg,0
1616727193.1393523.0.jpg,0
1616727193.7253811.2.jpg,2
1616727194.1664674.0.jpg,0
1616727194.6664038.2.jpg,2
1616727194.9616091.0.jpg,0
1616727195.3648515.0.jpg,0
1616727196.024814.3.jpg,3
1616727196.6541276.0.jpg,0
1616727197.2174983.3.jpg,3
1616727197.6574802.0.jpg,0
1616727198.3487077.0.jpg,0
1616727198.8577802.0.jpg,0
1616727199.4514685.0.jpg,0
1616727199.8808222.3.jpg,3
1616727200.1608028.3.jpg,3
1616727200.8395681.3.jpg,3
1616727201.6014578.0.jpg,0
1616727201.8226275.3.jpg,3
1616727202.0244348.3.jpg,3
1616727202.2205772.3.jpg,3
1616727202.4214187.3.jpg,3
1616727202.6216133.3.jpg,3
1616727202.8776166.3.jpg,3
1616727203.1645544.3.jpg,3
1616727203.3835254.3.jpg,3
1616727203.5866654.3.jpg,3
1616727203.7894592.3.jpg,3
1616727204.2894905.3.jpg,3
1616727204.411218.3.jpg,3
1616727204.531479.3.jpg,3
1616727204.651676.3.jpg,3
1616727204.7737706.3.jpg,3
1616727205.5094967.3.jpg,3
1616727206.3051302.0.jpg,0
1616727206.601497.3.jpg,3
1616727206.851577.3.jpg,3
1616727207.0807502.3.jpg,3
1616727207.3495443.3.jpg,3
1616727207.747458.3.jpg,3
1616727208.6065423.3.jpg,3
1616727208.9295247.0.jpg,0
1616727209.3885531.0.jpg,0
1616727209.8386722.0.jpg,0
1616727210.4945228.0.jpg,0
1616727210.8684647.2.jpg,2
1616727211.347785.2.jpg,2
1616727211.751748.0.jpg,0
1616727212.1825724.3.jpg,3
1616727212.6907566.3.jpg,3
1616727213.109062.0.jpg,0
1616727213.5416052.0.jpg,0
1616727214.0412045.0.jpg,0
1616727214.1623137.0.jpg,0
1616727214.2832935.0.jpg,0
1616727215.0155592.0.jpg,0
1616727215.6427379.0.jpg,0
1616727216.141938.0.jpg,0
1616727216.2630057.0.jpg,0
1616727216.3838282.0.jpg,0
1616727216.5032144.0.jpg,0
1616727217.3155134.0.jpg,0
1616727218.0101187.3.jpg,3
1616727218.5684986.3.jpg,3
1616727219.2768521.0.jpg,0
1616727219.4868526.3.jpg,3
1616727219.7018213.3.jpg,3
1616727219.8597596.3.jpg,3
1616727220.0337336.3.jpg,3
1616727220.2136219.3.jpg,3
1616727220.3946495.3.jpg,3
1616727220.57348.3.jpg,3
1616727221.0520935.3.jpg,3
1616727221.5405293.3.jpg,3
1616727222.041513.0.jpg,0
1616727222.5647173.3.jpg,3
1616727223.1689603.0.jpg,0
1616727223.3758144.3.jpg,3
1616727223.662067.3.jpg,3
1616727223.8460047.3.jpg,3
1616727224.3464253.3.jpg,3
1616727224.4666138.3.jpg,3
1616727224.5867858.3.jpg,3
1616727224.707241.3.jpg,3
1616727224.8281903.3.jpg,3
1616727224.9490652.3.jpg,3
1616727225.8356414.3.jpg,3
1616727226.5848153.3.jpg,3
1616727227.3586583.0.jpg,0
1616727227.8722024.0.jpg,0
1616727228.3726141.0.jpg,0
1616727228.493954.0.jpg,0
1616727228.61344.0.jpg,0
1616727229.3786488.2.jpg,2
1616727229.895926.0.jpg,0
1616727230.2445803.2.jpg,2
1616727230.8406048.0.jpg,0
1616727231.1100464.2.jpg,2
1616727231.5961025.2.jpg,2
1616727232.32091.0.jpg,0
1616727232.8417997.2.jpg,2
1616727233.255788.0.jpg,0
1616727233.7099295.0.jpg,0
1616727234.24871.0.jpg,0
1616727234.763045.0.jpg,0
1616727235.1386652.3.jpg,3
1616727235.6299489.3.jpg,3
1616727236.221834.0.jpg,0
1616727236.7186186.0.jpg,0
1616727237.1106899.0.jpg,0
1616727237.7246964.0.jpg,0
1616727237.9440389.3.jpg,3
1616727238.226889.3.jpg,3
1616727238.5929766.3.jpg,3
1616727238.8038003.3.jpg,3
1616727238.9847264.3.jpg,3
1616727239.4918923.3.jpg,3
1616727239.787617.3.jpg,3
1616727240.0067806.3.jpg,3
1616727240.444883.0.jpg,0
1616727241.2276943.0.jpg,0
1616727241.564845.0.jpg,0
1616727241.9916704.3.jpg,3
1616727242.1767275.3.jpg,3
1616727242.384762.3.jpg,3
1616727242.7382202.3.jpg,3
1616727242.9697583.3.jpg,3
1616727243.1587403.3.jpg,3
1616727243.3520298.3.jpg,3
1616727243.851849.3.jpg,3
1616727243.9713466.3.jpg,3
1616727244.0916588.3.jpg,3
1616727244.709947.3.jpg,3
1616727245.2008436.3.jpg,3
1616727246.058705.0.jpg,0
1616727246.4798455.3.jpg,3
1616727247.0937667.0.jpg,0
1616727247.555896.3.jpg,3
1616727248.2508252.0.jpg,0
1616727249.1377063.3.jpg,3
1616727249.7150462.0.jpg,0
1616727250.535666.2.jpg,2
1616727251.0307274.0.jpg,0
1616727252.0427835.0.jpg,0
1616727252.3659945.2.jpg,2
1616727252.853862.0.jpg,0
1616727253.2076907.0.jpg,0
1616727253.7075956.0.jpg,0
1616727253.828278.0.jpg,0
1616727254.4803245.0.jpg,0
1616727255.032108.0.jpg,0
1616727255.7350235.0.jpg,0
1616727256.092848.3.jpg,3
1616727256.4690626.0.jpg,0
1616727256.8528135.0.jpg,0
1616727257.2990026.0.jpg,0
1616727257.7759356.0.jpg,0
1616727258.3540149.0.jpg,0
1616727258.8799288.3.jpg,3
1616727259.2188945.3.jpg,3
1616727259.649902.3.jpg,3
1616727260.149069.3.jpg,3
1616727260.4750092.0.jpg,0
1616727260.9399507.3.jpg,3
1616727261.452862.0.jpg,0
1616727261.7438672.3.jpg,3
1616727262.0037708.3.jpg,3
1616727262.3378005.3.jpg,3
1616727262.6019568.0.jpg,0
1616727263.059723.3.jpg,3
1616727263.292177.3.jpg,3
1616727263.4928336.3.jpg,3
1616727263.679844.3.jpg,3
1616727263.8748138.3.jpg,3
1616727264.0548913.3.jpg,3
1616727264.5548723.3.jpg,3
1616727264.6759567.3.jpg,3
1616727264.7978537.3.jpg,3
1616727264.9183738.3.jpg,3
1616727265.0392952.3.jpg,3
1616727265.1604528.3.jpg,3
1616727265.2808611.3.jpg,3
1616727265.8273833.3.jpg,3
1616727266.6930945.3.jpg,3
1616727267.378265.0.jpg,0
1616727267.9828477.0.jpg,0
1616727268.624004.0.jpg,0
1616727269.1358292.0.jpg,0
1616727269.6121047.0.jpg,0
1616727270.0431018.0.jpg,0
1616727270.289022.2.jpg,2
1616727270.584055.2.jpg,2
1616727270.8780334.2.jpg,2
1616727271.1111662.2.jpg,2
1616727271.5289218.2.jpg,2
1616727271.9141445.2.jpg,2
1616727272.4460137.2.jpg,2
1616727272.864927.0.jpg,0
1616727273.3859046.0.jpg,0
1616727273.9678519.0.jpg,0
1616727274.4399173.0.jpg,0
1616727274.8188808.0.jpg,0
1616727275.2780008.3.jpg,3
1616727275.6781278.3.jpg,3
1616727276.08202.0.jpg,0
1616727276.5479496.0.jpg,0
1616727277.05104.3.jpg,3
1616727277.4429557.0.jpg,0
1616727277.7592878.0.jpg,0
1616727278.025008.0.jpg,0
1616727278.3109791.3.jpg,3
1616727278.4839702.3.jpg,3
1616727278.6569338.3.jpg,3
1616727278.8279893.3.jpg,3
1616727279.0086713.3.jpg,3
1616727279.1868167.3.jpg,3
1616727279.5302088.3.jpg,3
1616727279.721832.3.jpg,3
1616727279.9179811.3.jpg,3
1616727280.437022.3.jpg,3
1616727281.2329855.0.jpg,0
1616727281.5578737.3.jpg,3
1616727281.7640126.3.jpg,3
1616727281.9440436.3.jpg,3
1616727282.4162836.3.jpg,3
1616727282.7739444.3.jpg,3
1616727282.9860315.3.jpg,3
1616727283.173977.3.jpg,3
1616727283.3782241.3.jpg,3
1616727283.988906.0.jpg,0
1616727284.4188998.0.jpg,0
1616727284.733389.3.jpg,3
1616727284.915067.3.jpg,3
1616727285.0902534.3.jpg,3
1616727285.2561886.3.jpg,3
1616727285.4271872.3.jpg,3
1616727285.6601014.3.jpg,3
1616727285.883257.3.jpg,3
1616727286.881137.3.jpg,3
1616727287.636149.0.jpg,0
1616727288.2001643.0.jpg,0
1616727288.5240867.2.jpg,2
1616727288.9005034.2.jpg,2
1616727289.4343286.2.jpg,2
1616727290.3555572.3.jpg,3
1616727290.713143.0.jpg,0
1616727290.969935.0.jpg,0
1616727291.2781775.0.jpg,0
1616727291.7113085.0.jpg,0
1616727292.225052.0.jpg,0
1616727293.8150446.0.jpg,0
1616727294.2452424.3.jpg,3
1616727294.6920147.0.jpg,0
1616727294.9809942.0.jpg,0
1616727295.3993177.0.jpg,0
1616727295.9910893.0.jpg,0
1616727296.3810713.0.jpg,0
1616727296.717064.0.jpg,0
1616727297.0821178.3.jpg,3
1616727297.2870824.3.jpg,3
1616727297.8210185.3.jpg,3
1616727298.4172504.0.jpg,0
1616727298.626076.3.jpg,3
1616727298.817998.3.jpg,3
1616727298.979197.3.jpg,3
1616727299.1382148.3.jpg,3
1616727299.2920942.3.jpg,3
1616727299.4939914.3.jpg,3
1616727300.0379832.3.jpg,3
1616727300.7024696.0.jpg,0
1616727300.9942622.3.jpg,3
1616727301.1940246.3.jpg,3
1616727301.3836825.3.jpg,3
1616727301.7299693.3.jpg,3
1616727301.9713783.3.jpg,3
1616727302.1759923.3.jpg,3
1616727302.675339.3.jpg,3
1616727302.796627.3.jpg,3
1616727302.9174457.3.jpg,3
1616727303.0388372.3.jpg,3
1616727303.1604471.3.jpg,3
1616727303.5792887.3.jpg,3
1616727304.0791895.3.jpg,3
1616727304.2001266.3.jpg,3
1616727304.9870994.0.jpg,0
1616727305.7494025.3.jpg,3
1616727306.0320892.0.jpg,0
1616727306.3551126.0.jpg,0
1616727307.0026479.0.jpg,0
1616727307.2860785.2.jpg,2
1616727307.8411012.0.jpg,0
1616727308.08239.2.jpg,2
1616727308.7721257.2.jpg,2
1616727309.1962452.2.jpg,2
1616727309.7010984.0.jpg,0
1616727310.2193336.0.jpg,0
1616727310.4802814.2.jpg,2
1616727310.9523573.0.jpg,0
1616727311.3551128.2.jpg,2
1616727311.897336.0.jpg,0
1616727312.2154903.2.jpg,2
1616727312.6725552.2.jpg,2
1616727313.0091984.0.jpg,0
1616727313.3491821.3.jpg,3
1616727313.808216.3.jpg,3
1616727314.1950278.0.jpg,0
1616727314.6341012.3.jpg,3
1616727315.188544.3.jpg,3
1616727315.6182027.0.jpg,0
1616727316.2720578.0.jpg,0
1616727316.7227128.3.jpg,3
1616727317.1720662.0.jpg,0
1616727317.783272.3.jpg,3
1616727318.2952218.0.jpg,0
1616727318.7471566.3.jpg,3
1616727319.4541268.0.jpg,0
1616727319.6713696.3.jpg,3
1616727319.8897922.3.jpg,3
1616727320.0542917.3.jpg,3
1616727320.2182899.3.jpg,3
1616727320.378328.3.jpg,3
1616727320.5604053.3.jpg,3
1616727320.7386892.3.jpg,3
1616727320.9263928.3.jpg,3
1616727321.1042.3.jpg,3
1616727321.2747765.3.jpg,3
1616727321.477602.3.jpg,3
1616727321.6572156.3.jpg,3
1616727321.8223386.3.jpg,3
1616727322.0414681.3.jpg,3
1616727322.2424664.3.jpg,3
1616727322.7426255.3.jpg,3
1616727322.8629723.3.jpg,3
1616727322.9833462.3.jpg,3
1616727323.4900007.3.jpg,3
1616727324.2914245.0.jpg,0
1616727324.5833151.3.jpg,3
1616727325.0837216.3.jpg,3
1616727325.2042904.3.jpg,3
1616727325.945552.0.jpg,0
1616727326.288257.3.jpg,3
1616727326.6992815.3.jpg,3
1616727327.2887013.0.jpg,0
1616727327.8101568.0.jpg,0
1616727328.2933638.0.jpg,0
1616727328.7722569.0.jpg,0
1616727329.1993475.2.jpg,2
1616727329.7792344.0.jpg,0
1616727330.0715375.2.jpg,2
1616727330.4305315.0.jpg,0
1616727330.7601788.0.jpg,0
1616727331.2607777.0.jpg,0
1616727331.380328.0.jpg,0
1616727331.7394075.3.jpg,3
1616727332.1384084.0.jpg,0
1616727332.6388793.0.jpg,0
1616727332.758229.0.jpg,0
1616727332.8799334.0.jpg,0
1616727333.078221.3.jpg,3
1616727333.7822096.0.jpg,0
1616727334.2225819.0.jpg,0
1616727334.516278.0.jpg,0
1616727334.7702434.3.jpg,3
1616727335.5502648.3.jpg,3
1616727335.7693498.3.jpg,3
1616727335.9823158.3.jpg,3
1616727336.202546.0.jpg,0
1616727336.7922807.0.jpg,0
1616727337.3455877.3.jpg,3
1616727337.7323341.0.jpg,0
1616727338.0034919.3.jpg,3
1616727338.2029126.3.jpg,3
1616727338.401389.3.jpg,3
1616727338.6964161.0.jpg,0
1616727338.966243.0.jpg,0
1616727339.2285464.3.jpg,3
1616727339.4040916.3.jpg,3
1616727339.903643.3.jpg,3
1616727340.0233858.3.jpg,3
1616727340.1441526.3.jpg,3
1616727340.2661128.3.jpg,3
1616727340.3866045.3.jpg,3
1616727340.507464.3.jpg,3
1616727340.627854.3.jpg,3
1616727340.748146.3.jpg,3
1616727340.8692858.3.jpg,3
1616727341.2053087.3.jpg,3
1616727341.7057078.3.jpg,3
1616727341.8268075.3.jpg,3
1616727342.4895327.0.jpg,0
1616727343.115422.0.jpg,0
1616727343.525287.0.jpg,0
1616727343.7734818.2.jpg,2
1616727344.2893615.0.jpg,0
1616727344.5303211.2.jpg,2
1616727344.912271.2.jpg,2
1616727345.294278.2.jpg,2
1616727345.635993.0.jpg,0
1616727345.9384348.2.jpg,2
1616727346.2083611.0.jpg,0
1616727346.398225.2.jpg,2
1616727346.8973398.2.jpg,2
1616727347.0183709.2.jpg,2
1616727347.8713799.0.jpg,0
1616727348.2066078.2.jpg,2
1616727348.548614.0.jpg,0
1616727349.0324128.2.jpg,2
1616727349.335444.0.jpg,0
1616727349.6815853.0.jpg,0
1616727350.417387.3.jpg,3
1616727350.701421.3.jpg,3
1616727351.0355554.0.jpg,0
1616727351.4994648.3.jpg,3
1616727351.9395418.0.jpg,0
1616727352.2888665.3.jpg,3
1616727352.5768106.0.jpg,0
1616727352.9044197.3.jpg,3
1616727353.2506268.3.jpg,3
1616727353.5345607.0.jpg,0
1616727353.8753366.3.jpg,3
1616727354.1743066.3.jpg,3
1616727354.3683069.3.jpg,3
1616727354.5344217.3.jpg,3
1616727354.6983585.3.jpg,3
1616727354.8722994.3.jpg,3
1616727355.051087.3.jpg,3
1616727355.2423034.3.jpg,3
1616727355.3945973.3.jpg,3
1616727355.865639.3.jpg,3
1616727356.534595.3.jpg,3
1616727357.066401.3.jpg,3
1616727368.8495362.0.jpg,0
1616727369.2738886.3.jpg,3
1616727369.6574585.3.jpg,3
1616727370.1168082.3.jpg,3
1616727371.059306.0.jpg,0
1616727371.2736306.3.jpg,3
1616727371.4967508.3.jpg,3
1616727371.7250357.3.jpg,3
1616727371.9665256.3.jpg,3
1616727372.189799.3.jpg,3
1616727372.394003.3.jpg,3
1616727372.8945148.3.jpg,3
1616727373.0143187.3.jpg,3
1616727373.1350935.3.jpg,3
1616727373.257078.3.jpg,3
1616727373.9109008.0.jpg,0
1616727374.196418.3.jpg,3
1616727374.6180243.3.jpg,3
1616727374.8634493.3.jpg,3
1616727375.354611.0.jpg,0
1616727375.8965619.3.jpg,3
1616727376.2354944.3.jpg,3
1616727376.5525012.0.jpg,0
1616727377.0245304.2.jpg,2
1616727377.3755507.0.jpg,0
1616727377.7596774.2.jpg,2
1616727379.9465303.2.jpg,2
1616727380.4296699.0.jpg,0
1616727380.8876815.0.jpg,0
1616727381.0195167.2.jpg,2
1616727381.449438.2.jpg,2
1616727381.8335147.0.jpg,0
1616727382.2715998.3.jpg,3
1616727382.5896506.0.jpg,0
1616727382.8704622.0.jpg,0
1616727383.3167968.3.jpg,3
1616727383.6955829.0.jpg,0
1616727383.95411.0.jpg,0
1616727384.3437307.0.jpg,0
1616727384.7436001.3.jpg,3
1616727385.0515556.0.jpg,0
1616727385.3739352.0.jpg,0
1616727385.6564608.0.jpg,0
1616727386.024182.0.jpg,0
1616727386.8137379.0.jpg,0
1616727387.041498.3.jpg,3
1616727387.2777271.3.jpg,3
1616727387.4768205.3.jpg,3
1616727387.654526.3.jpg,3
1616727387.7977118.3.jpg,3
1616727387.9624982.3.jpg,3
1616727388.127735.3.jpg,3
1616727388.2875087.3.jpg,3
1616727388.4645655.3.jpg,3
1616727389.025722.3.jpg,3
1616727389.244821.3.jpg,3
1616727389.4916985.3.jpg,3
1616727390.2056682.0.jpg,0
1616727390.6677008.3.jpg,3
1616727390.8768759.3.jpg,3
1616727391.2376313.0.jpg,0
1616727391.6275399.0.jpg,0
1616727391.9378226.3.jpg,3
1616727392.1297824.3.jpg,3
1616727392.3093588.3.jpg,3
1616727392.4877365.3.jpg,3
1616727392.6657302.3.jpg,3
1616727392.9280581.3.jpg,3
1616727393.1324756.3.jpg,3
1616727393.6322978.3.jpg,3
1616727393.7541506.3.jpg,3
1616727393.8751829.3.jpg,3
1616727393.9960196.3.jpg,3
1616727394.117885.3.jpg,3
1616727394.2388918.3.jpg,3
1616727394.358257.3.jpg,3
1616727394.480128.3.jpg,3
1616727394.6014578.3.jpg,3
1616727394.7212267.3.jpg,3
1616727395.5156121.0.jpg,0
1616727396.641618.0.jpg,0
1616727397.0666125.2.jpg,2
1616727397.5796015.0.jpg,0
1616727397.8706007.2.jpg,2
1616727398.1156366.2.jpg,2
1616727398.4576309.2.jpg,2
1616727399.7428188.2.jpg,2
1616727400.0638912.0.jpg,0
1616727400.5230343.2.jpg,2
1616727400.7816436.0.jpg,0
1616727401.1831748.2.jpg,2
1616727401.4119437.0.jpg,0
1616727401.7397003.2.jpg,2
1616727402.2567432.2.jpg,2
1616727402.6027722.0.jpg,0
1616727402.9652414.2.jpg,2
1616727403.285612.0.jpg,0
1616727403.7616796.0.jpg,0
1616727404.319676.0.jpg,0
1616727404.879692.0.jpg,0
1616727405.2917306.3.jpg,3
1616727405.6328566.3.jpg,3
1616727406.3224223.0.jpg,0
1616727406.6677275.3.jpg,3
1616727407.016885.3.jpg,3
1616727407.3468852.0.jpg,0
1616727407.9538422.3.jpg,3
1616727408.2257047.0.jpg,0
1616727408.4959104.0.jpg,0
1616727408.8666728.3.jpg,3
1616727409.068726.3.jpg,3
1616727409.2199082.3.jpg,3
1616727409.3657806.3.jpg,3
1616727409.5288255.3.jpg,3
1616727409.6907294.3.jpg,3
1616727409.8509183.3.jpg,3
1616727409.9846334.3.jpg,3
1616727410.128089.3.jpg,3
1616727410.2868228.3.jpg,3
1616727410.4309092.3.jpg,3
1616727410.5836723.3.jpg,3
1616727410.7976806.3.jpg,3
1616727410.947305.3.jpg,3
1616727411.1055932.3.jpg,3
1616727411.2629573.3.jpg,3
1616727411.5477707.3.jpg,3
1616727411.7336795.3.jpg,3
1616727411.8967597.3.jpg,3
1616727412.3971474.3.jpg,3
1616727412.5180538.3.jpg,3
1616727413.1647153.3.jpg,3
1616727413.7296975.0.jpg,0
1616727414.2107944.3.jpg,3
1616727414.7107635.3.jpg,3
1616727414.8306322.3.jpg,3
1616727414.95347.3.jpg,3
1616727415.177858.0.jpg,0
1616727415.678578.0.jpg,0
1616727415.7988005.0.jpg,0
1616727415.9468524.3.jpg,3
1616727416.401072.3.jpg,3
1616727416.80774.3.jpg,3
1616727417.2076633.3.jpg,3
1616727417.8889744.0.jpg,0
1616727418.3476787.0.jpg,0
1616727418.7438664.0.jpg,0
1616727419.130747.0.jpg,0
1616727419.621735.0.jpg,0
1616727420.5018027.0.jpg,0
1616727420.6607618.2.jpg,2
1616727421.2378035.0.jpg,0
1616727421.57686.2.jpg,2
1616727422.1467905.0.jpg,0
1616727422.6477368.0.jpg,0
1616727423.0468557.0.jpg,0
1616727423.5007427.0.jpg,0
1616727424.2632687.0.jpg,0
1616727424.6567042.3.jpg,3
1616727425.0928648.0.jpg,0
1616727425.526075.0.jpg,0
1616727426.3268485.0.jpg,0
1616727426.945095.0.jpg,0
1616727427.4088235.0.jpg,0
1616727427.8458881.0.jpg,0
1616727428.2240338.0.jpg,0
1616727428.6878448.0.jpg,0
1616727429.005907.3.jpg,3
1616727429.2651315.3.jpg,3
1616727429.4788845.3.jpg,3
1616727429.6637864.3.jpg,3
1616727429.9419358.3.jpg,3
1616727430.1600163.3.jpg,3
1616727430.3130093.3.jpg,3
1616727430.8131447.3.jpg,3
1616727430.9338934.3.jpg,3
1616727431.0541737.3.jpg,3
1616727431.582794.3.jpg,3
1616727432.1638498.3.jpg,3
1616727432.948954.3.jpg,3
1616727433.6737177.0.jpg,0
1616727434.3129838.0.jpg,0
1616727436.4928882.0.jpg,0
1616727436.9498057.0.jpg,0
1616727437.2233298.3.jpg,3
1616727437.4888217.3.jpg,3
1616727437.6848958.3.jpg,3
1616727438.072824.3.jpg,3
1616727438.3040109.3.jpg,3
1616727438.4640522.3.jpg,3
1616727438.868986.3.jpg,3
1616727439.3259702.0.jpg,0
1616727439.517137.3.jpg,3
1616727439.713157.3.jpg,3
1616727439.8909752.3.jpg,3
1616727440.0651023.3.jpg,3
1616727440.565912.3.jpg,3
1616727440.6864939.3.jpg,3
1616727440.8062036.3.jpg,3
1616727440.9277403.3.jpg,3
1616727441.0489793.3.jpg,3
1616727441.169945.3.jpg,3
1616727441.2907178.3.jpg,3
1616727441.4110618.3.jpg,3
1616727441.5313032.3.jpg,3
1616727441.653061.3.jpg,3
1616727441.7748268.3.jpg,3
1616727442.9442024.0.jpg,0
1616727443.562028.0.jpg,0
1616727444.1599784.0.jpg,0
1616727444.6857834.0.jpg,0
1616727445.1668575.0.jpg,0
1616727445.6670065.0.jpg,0
1616727445.931865.2.jpg,2
1616727446.3300064.2.jpg,2
1616727446.5841174.2.jpg,2
1616727446.8250632.2.jpg,2
1616727447.23209.0.jpg,0
1616727447.6652355.0.jpg,0
1616727448.1219358.2.jpg,2
1616727448.4918814.0.jpg,0
1616727448.8930078.0.jpg,0
1616727449.0868785.0.jpg,0
1616727449.2981937.2.jpg,2
1616727449.6590126.2.jpg,2
1616727449.8839607.2.jpg,2
1616727450.173354.2.jpg,2
1616727450.5408678.2.jpg,2
1616727450.9134502.2.jpg,2
1616727451.36087.0.jpg,0
1616727452.0610101.0.jpg,0
1616727452.5111089.3.jpg,3
1616727452.8089135.0.jpg,0
1616727453.1199617.3.jpg,3
1616727453.3069136.3.jpg,3
1616727453.7060275.0.jpg,0
1616727453.9710462.0.jpg,0
1616727454.1649163.3.jpg,3
1616727454.6648526.3.jpg,3
1616727454.786136.3.jpg,3
1616727454.907025.3.jpg,3
1616727455.4092846.3.jpg,3
1616727455.7589588.0.jpg,0
1616727456.2592564.0.jpg,0
1616727456.3795636.0.jpg,0
1616727456.920238.0.jpg,0
1616727457.2739694.3.jpg,3
1616727457.4811764.3.jpg,3
1616727457.655074.3.jpg,3
1616727457.8229601.3.jpg,3
1616727458.248905.3.jpg,3
1616727458.430868.3.jpg,3
1616727458.5950031.3.jpg,3
1616727458.7683942.3.jpg,3
1616727458.9432073.3.jpg,3
1616727459.306929.0.jpg,0
1616727459.6509821.0.jpg,0
1616727460.0179458.3.jpg,3
1616727460.2397413.3.jpg,3
1616727460.42191.3.jpg,3
1616727460.6121001.3.jpg,3
1616727460.8078928.0.jpg,0
1616727461.0050895.3.jpg,3
1616727461.2091238.3.jpg,3
1616727461.7099643.3.jpg,3
1616727461.8298852.3.jpg,3
1616727461.949754.3.jpg,3
1616727462.0710278.3.jpg,3
1616727462.191336.3.jpg,3
1616727462.3482327.3.jpg,3
1616727462.5769308.3.jpg,3
1616727463.3711605.3.jpg,3
1616727464.3239455.3.jpg,3
1616727464.619115.0.jpg,0
1616727465.1132553.3.jpg,3
1616727465.6066835.0.jpg,0
1616727465.8314898.3.jpg,3
1616727466.330388.3.jpg,3
1616727466.4507189.3.jpg,3
1616727466.72821.0.jpg,0
1616727466.9771864.3.jpg,3
1616727467.4787838.3.jpg,3
1616727467.5989864.3.jpg,3
1616727467.7212706.3.jpg,3
1616727467.8422906.3.jpg,3
1616727468.2152777.0.jpg,0
1616727468.4793117.3.jpg,3
1616727468.98007.3.jpg,3
1616727469.0994425.3.jpg,3
1616727469.2223816.3.jpg,3
1616727469.343232.3.jpg,3
1616727469.7671692.0.jpg,0
1616727470.118045.3.jpg,3
1616727470.6180327.3.jpg,3
1616727470.7394342.3.jpg,3
1616727470.8611786.3.jpg,3
1616727471.3122551.0.jpg,0
1616727471.813442.0.jpg,0
1616727471.9350226.0.jpg,0
1616727472.4903653.3.jpg,3
1616727472.6107237.3.jpg,3
1616727472.9321527.0.jpg,0
1616727473.4321356.0.jpg,0
1616727473.5513232.0.jpg,0
1616727473.7530887.3.jpg,3
1616727474.5640981.0.jpg,0
1616727474.9740202.0.jpg,0
1616727475.4303298.0.jpg,0
1616727475.696245.2.jpg,2
1616727476.1801302.2.jpg,2
1616727476.5450172.0.jpg,0
1616727476.826233.2.jpg,2
1616727477.0172017.0.jpg,0
1616727477.516543.0.jpg,0
1616727477.6364322.0.jpg,0
1616727477.7575996.0.jpg,0
1616727477.8782408.0.jpg,0
1616727478.3652241.0.jpg,0
1616727478.8658698.0.jpg,0
1616727478.9852276.0.jpg,0
1616727479.106725.0.jpg,0
1616727479.2294748.0.jpg,0
1616727479.3503847.0.jpg,0
1616727479.9141228.0.jpg,0
1616727480.4147701.0.jpg,0
1616727480.5348768.0.jpg,0
1616727480.655663.0.jpg,0
1616727480.7755.0.jpg,0
1616727480.895754.0.jpg,0
1616727481.0157435.0.jpg,0
1616727481.1370451.0.jpg,0
1616727481.721538.0.jpg,0
1616727482.222302.0.jpg,0
1616727482.3422782.0.jpg,0
1616727482.4631503.0.jpg,0
1616727482.5835335.0.jpg,0
1616727482.703372.0.jpg,0
1616727482.82511.0.jpg,0
1616727482.9469073.0.jpg,0
1616727483.9391286.0.jpg,0
1616727484.626295.0.jpg,0
1616727484.9070845.3.jpg,3
1616727485.2902498.3.jpg,3
1616727486.7861483.3.jpg,3
1616727488.2262607.3.jpg,3
1616727488.9512823.0.jpg,0
1616727489.4601648.0.jpg,0
1616727489.7341123.3.jpg,3
1616727490.2807004.3.jpg,3
1616727490.6141467.3.jpg,3
1616727490.9583843.3.jpg,3
1616727491.4580917.3.jpg,3
1616727491.5787487.3.jpg,3
1616727492.0742853.3.jpg,3
1616727492.7501187.3.jpg,3
1616727493.2500038.3.jpg,3
1616727493.3714046.3.jpg,3
1616727493.4926312.3.jpg,3
1616727493.7642205.3.jpg,3
1616727494.264336.3.jpg,3
1616727494.387208.3.jpg,3
1616727494.5086157.3.jpg,3
1616727494.8241835.0.jpg,0
1616727495.331194.3.jpg,3
1616727495.7456279.0.jpg,0
1616727496.2460713.0.jpg,0
1616727496.8152218.0.jpg,0
1616727497.3158898.0.jpg,0
1616727497.4359953.0.jpg,0
1616727497.5584354.0.jpg,0
1616727498.090937.3.jpg,3
1616727498.2120821.3.jpg,3
1616727498.3334303.3.jpg,3
1616727498.4547372.3.jpg,3
1616727498.6123664.0.jpg,0
1616727499.1135895.0.jpg,0
1616727499.2346942.0.jpg,0
1616727499.3549235.0.jpg,0
1616727499.4759078.0.jpg,0
1616727499.5966325.0.jpg,0
1616727500.1739638.3.jpg,3
1616727500.2945132.3.jpg,3
1616727500.4153793.3.jpg,3
1616727500.5371873.3.jpg,3
1616727500.6598043.3.jpg,3
1616727500.7799928.3.jpg,3
1616727500.9011183.3.jpg,3
1616727501.0231864.3.jpg,3
1616727501.1438994.3.jpg,3
1616727501.265132.3.jpg,3
1616727501.3878207.3.jpg,3
1616727501.5099804.3.jpg,3
1616727501.6315522.3.jpg,3
1616727501.7541506.3.jpg,3
1616727501.875727.3.jpg,3
1616727501.9960904.3.jpg,3
1616727503.125184.0.jpg,0
1616727503.6250052.0.jpg,0
1616727503.744417.0.jpg,0
1616727503.865089.0.jpg,0
1616727503.985149.0.jpg,0
1616727504.5387197.3.jpg,3
1616727504.6594992.3.jpg,3
1616727504.7812216.3.jpg,3
1616727504.9016676.3.jpg,3
1616727505.022339.3.jpg,3
1616727505.1432362.3.jpg,3
1616727505.2638652.3.jpg,3
1616727505.3853106.3.jpg,3
1616727505.5063696.3.jpg,3
1616727505.6271088.3.jpg,3
1616727505.7474482.3.jpg,3
1616727505.8677812.3.jpg,3
1616727505.9871004.3.jpg,3
1616727506.1087894.3.jpg,3
1616727506.2284546.3.jpg,3
1616727506.349027.3.jpg,3
1616727506.4696298.3.jpg,3
1616727506.5908287.3.jpg,3
1616727511.5854344.0.jpg,0
1616727513.465568.0.jpg,0
1616727977.7569892.1.jpg,1
1616727980.3000686.2.jpg,2
1616727980.722156.2.jpg,2
1616727980.880926.2.jpg,2
1616727981.1039112.2.jpg,2
1616727986.8227196.3.jpg,3
1616727987.267602.3.jpg,3
1616727987.4214597.3.jpg,3
1616727987.8278272.3.jpg,3
1616727988.3286438.3.jpg,3
1616727988.4495623.3.jpg,3
1616727988.5717926.3.jpg,3
1616727988.6929166.3.jpg,3
1616727988.8137097.3.jpg,3
1616727989.3738391.2.jpg,2
1616727989.6798525.2.jpg,2
1616728000.9237888.0.jpg,0
1616728001.1159437.0.jpg,0
1616728005.6668475.1.jpg,1
1616728006.3420093.1.jpg,1
1616728006.914113.0.jpg,0
1616728008.7037544.3.jpg,3
1616728106.4106345.1.jpg,1
1616728106.6756802.3.jpg,3
1616728106.8489752.3.jpg,3
1616728106.9936604.3.jpg,3
1616728107.1416016.3.jpg,3
1616728107.290552.3.jpg,3
1616728108.1856909.1.jpg,1
1616728108.772092.1.jpg,1
1616728109.0686724.1.jpg,1
1616728109.551596.1.jpg,1
1616728109.7799628.1.jpg,1
1616728110.2888827.1.jpg,1
1616728110.4700887.1.jpg,1
1616728110.9695268.1.jpg,1
1616728111.1647089.3.jpg,3
1616728111.3481526.3.jpg,3
1616728111.5159574.0.jpg,0
1616728111.7758272.3.jpg,3
1616728113.4737577.3.jpg,3
1616728114.0699666.3.jpg,3
1616728114.4928682.1.jpg,1
1616728114.7901568.0.jpg,0
1616728115.510928.1.jpg,1
1616728115.7727504.1.jpg,1
1616728117.1047413.1.jpg,1
1616728117.2949512.1.jpg,1
1616728118.47684.0.jpg,0
1616728118.634726.2.jpg,2
1616728118.8136718.2.jpg,2
1616728118.9799023.2.jpg,2
1616728974.1962802.3.jpg,3
